judet,localitate,ghiseu,tip,adresa,telefon,telefoane_toate,nota_telefon,fax,email,emailuri_toate,semnalari,pagina_punctcontact,sursa_oficiala,verificat
Alba,Alba Iulia,DPCEP Alba Iulia,judetean,Piața Iuliu Maniu nr. 14,0258810452,0258810452,,,dpcep@dpcepalba.ro,dpcep@dpcepalba.ro,,/stare-civila/alba-iulia/,https://carteadeidentitate.gov.ro/ghisee/,2026-09-24
Alba,Abrud,SPCLEP Abrud,local,Piața Eroilor nr. 1,0258780519,0258780519,int.17,,spclep@primariaabrud.ro,spclep@primariaabrud.ro,,/stare-civila/alba-iulia/,https://carteadeidentitate.gov.ro/ghisee/,2026-09-24
Alba,Aiud,SPCLEP Aiud,local,str. Cuza Vodă nr. 1,0258561310,0258561310,int.1022,,evpers@aiud.ro,evpers@aiud.ro,,/stare-civila/alba-iulia/,https://carteadeidentitate.gov.ro/ghisee/,2026-09-24
Alba,Alba Iulia,SPCLEP Alba Iulia,local,Calea Moților nr. 5A,0258815565,0258815565,,,spclep@apulum.ro,spclep@apulum.ro,,/stare-civila/alba-iulia/,https://carteadeidentitate.gov.ro/ghisee/,2026-09-24
Alba,Baia de Arieș,SPCLEP Baia de Arieș,local,str. Republicii nr. 3,0735530875,0735530875,,,primbaia@yahoo.com,primbaia@yahoo.com,,/stare-civila/alba-iulia/,https://carteadeidentitate.gov.ro/ghisee/,2026-09-24
Alba,Blaj,SPCLEP Blaj,local,bd. Republicii nr. 24,0756089199,0756089199,,,starecivila@primariablaj.ro,starecivila@primariablaj.ro,,/stare-civila/alba-iulia/,https://carteadeidentitate.gov.ro/ghisee/,2026-09-24
Alba,Cugir,SPCLEP Cugir,local,str. I.L. Caragiale nr. 1,0258756000,0258756000; 0258751001,int 139,,office@primariacugir.ro,office@primariacugir.ro,,/stare-civila/alba-iulia/,https://carteadeidentitate.gov.ro/ghisee/,2026-09-24
Alba,Câmpeni,SPCLEP Câmpeni,local,str. Libertății nr. 3,0730011915,0730011915,,,spclep.campeni@ab.e-adm.ro,spclep.campeni@ab.e-adm.ro,,/stare-civila/alba-iulia/,https://carteadeidentitate.gov.ro/ghisee/,2026-09-24
Alba,Ocna Mureș,SPCLEP Ocna Mureș,local,str. Nicolae Iorga nr. 27,0258871217,0258871217,,,starecivila_ocnamures@ab.e-adm.ro,starecivila_ocnamures@ab.e-adm.ro,,/stare-civila/alba-iulia/,https://carteadeidentitate.gov.ro/ghisee/,2026-09-24
Alba,Sebeș,SPCLEP Sebeș,local,bd. Lucian Blaga nr. 3-5,0258733727,0258733727,,,spclep@primariasebes.ro,spclep@primariasebes.ro,,/stare-civila/alba-iulia/,https://carteadeidentitate.gov.ro/ghisee/,2026-09-24
Alba,Teiuș,SPCLEP Teiuș,local,str. Bisericii nr. 13,0358401915,0358401915,,,spclep.teius@primariateius.ro,spclep.teius@primariateius.ro,,/stare-civila/alba-iulia/,https://carteadeidentitate.gov.ro/ghisee/,2026-09-24
Alba,Zlatna,SPCLEP Zlatna,local,str. Piața Unirii nr. 1A,0258856990,0258856990,,,pr_zlatna@primariazlatna.ro,pr_zlatna@primariazlatna.ro,,/stare-civila/alba-iulia/,https://carteadeidentitate.gov.ro/ghisee/,2026-09-24
Alba,Ighiu,SPCLEP Ighiu,local,Ighiu nr. 56,0258844103,0258844103,,,primariaighiu@yahoo.com,primariaighiu@yahoo.com,,/stare-civila/alba-iulia/,https://carteadeidentitate.gov.ro/ghisee/,2026-09-24
Alba,Jidvei,SPCLEP Jidvei,local,str. Unirii nr. 2E,0258881104,0258881104,,,contact@primariajidvei.ro,contact@primariajidvei.ro,,/stare-civila/alba-iulia/,https://carteadeidentitate.gov.ro/ghisee/,2026-09-24
Arad,Arad,DJEP Arad,judetean,Calea Aurel Vlaicu nr. 56-76,0257284315,0257284315,,,,,,/stare-civila/arad/,https://carteadeidentitate.gov.ro/ghisee/,2026-09-24
Arad,Arad,SPCLEP Arad,local,Calea Aurel Vlaicu nr. 225-235,0257214474,0257214474,,,,,"registrul publică pentru acest ghișeu o adresă de e-mail nominală, a unei persoane, nu a serviciului; nu o reproducem aici — folosiți telefonul de mai sus sau adresa oficială a primăriei",/stare-civila/arad/,https://carteadeidentitate.gov.ro/ghisee/,2026-09-24
Arad,Chişineu Criş,SPCLEP Chişineu Criş,local,str. Înfrățirii nr. 97,0257350019,0257350019,,,primariachisineucris@yahoo.com,primariachisineucris@yahoo.com,"adresa din registru nu apare pe site-ul instituției; acolo instituția publică primariachcris@yahoo.com și telefonul 0257 350 019 (pagina oficială), verificat la 4 septembrie 2026",/stare-civila/arad/,https://carteadeidentitate.gov.ro/ghisee/,2026-09-04
Arad,Curtici,SPCLEP Curtici,local,str. Primăriei nr. 47,0257465349,0257465349,,,spclep@primariacurtici.ro,spclep@primariacurtici.ro,,/stare-civila/arad/,https://carteadeidentitate.gov.ro/ghisee/,2026-09-24
Arad,Ineu,SPCLEP Ineu,local,Calea Republicii nr. 5,0257512693,0257512693,,,primaria@primariaineu.ro,primaria@primariaineu.ro,,/stare-civila/arad/,https://carteadeidentitate.gov.ro/ghisee/,2026-09-24
Arad,Lipova,SPCLEP Lipova,local,str. Vasile Bugariu nr. 6,0257561555,0257561555,,,evp@primarialipova.ro,evp@primarialipova.ro,,/stare-civila/arad/,https://carteadeidentitate.gov.ro/ghisee/,2026-09-24
Arad,Nădlac,SPCLEP Nădlac,local,str. 1 Decembrie nr. 24,0257473643,0257473643,,,office@primaria-nadlac.ro,office@primaria-nadlac.ro,,/stare-civila/arad/,https://carteadeidentitate.gov.ro/ghisee/,2026-09-24
Arad,Pecica,SPCLEP Pecica,local,str. 2 nr. 132,0257468323,0257468323,int 43,,primaria@pecica.ro,primaria@pecica.ro,,/stare-civila/arad/,https://carteadeidentitate.gov.ro/ghisee/,2026-09-24
Arad,Pâncota,SPCLEP Pâncota,local,bd. Tudor Vladimirescu nr. 69,0257466916,0257466916,,,primariapancota@artelecom.net,primariapancota@artelecom.net,,/stare-civila/arad/,https://carteadeidentitate.gov.ro/ghisee/,2026-09-24
Arad,Sebiş,SPCLEP Sebiş,local,Piața Tineretului nr. 1,0257311008,0257311008,,,primaria@primariasebis.ro,primaria@primariasebis.ro,,/stare-civila/arad/,https://carteadeidentitate.gov.ro/ghisee/,2026-09-24
Arad,Sântana,SPCLEP Sântana,local,str. Muncii nr. 120A,0357100077,0357100077,,,contact@primariasantana.ro,contact@primariasantana.ro,,/stare-civila/arad/,https://carteadeidentitate.gov.ro/ghisee/,2026-09-24
Arad,Beliu,SPCLEP Beliu,local,sat Beliu nr. 632,0257322136,0257322136,,,primariabeliu@gmail.com,primariabeliu@gmail.com,,/stare-civila/arad/,https://carteadeidentitate.gov.ro/ghisee/,2026-09-24
Arad,Ghioroc,SPCLEP Ghioroc,local,sat Ghioroc nr. 89,0257461101,0257461101,int 5,,primariaghioroc@gmail.com,primariaghioroc@gmail.com,,/stare-civila/arad/,https://carteadeidentitate.gov.ro/ghisee/,2026-09-24
Arad,Gurahonţ,SPCLEP Gurahonţ,local,str. Avram Iancu nr. 31,0357808000,0357808000,,,contact@primaria-gurahont.ro,contact@primaria-gurahont.ro,,/stare-civila/arad/,https://carteadeidentitate.gov.ro/ghisee/,2026-09-24
Arad,Socodor,SPCLEP Socodor,local,str. Principală nr. 1,0257358272,0257358272,,,socodor@gmail.com,socodor@gmail.com,,/stare-civila/arad/,https://carteadeidentitate.gov.ro/ghisee/,2026-09-24
Arad,Săvârşin,SPCLEP Săvârşin,local,str. Regele Mihai I nr. 19,0257557232,0257557232,,,primariasavarsin@yahoo.com,primariasavarsin@yahoo.com,"adresa din registru nu apare pe site-ul instituției; acolo instituția publică stare.civila@primariasavarsin.ro și telefonul 0257 557 232 (pagina oficială), verificat la 4 septembrie 2026",/stare-civila/arad/,https://carteadeidentitate.gov.ro/ghisee/,2026-09-04
Arad,Târnova,SPCLEP Târnova,local,Târnova nr. 734,0257370744,0257370744,,,primariatirnova@yahoo.com,primariatirnova@yahoo.com,,/stare-civila/arad/,https://carteadeidentitate.gov.ro/ghisee/,2026-09-24
Arad,Vinga,SPCLEP Vinga,local,str. 1 August nr. 16,0257460145,0257460145,,,primar@primaria-vinga.ro,primar@primaria-vinga.ro,,/stare-civila/arad/,https://carteadeidentitate.gov.ro/ghisee/,2026-09-24
Arad,Vladimirescu,SPCLEP Vladimirescu,local,str. Revoluției nr. 4,0257515270,0257515270,,,spclepvladi@primariavladimirescu.ro,spclepvladi@primariavladimirescu.ro,,/stare-civila/arad/,https://carteadeidentitate.gov.ro/ghisee/,2026-09-24
Arad,Vârfurile,SPCLEP Vârfurile,local,str. Primăriei nr. 286,0257318500,0257318500,,,consvarfurile@gmail.com,consvarfurile@gmail.com,"adresa din registru nu apare pe site-ul instituției; acolo instituția publică contact@primariavirfurile.ro și telefonul 0257 318 501 (pagina oficială), verificat la 4 septembrie 2026",/stare-civila/arad/,https://carteadeidentitate.gov.ro/ghisee/,2026-09-04
Arad,Şiria,SPCLEP Şiria,local,str. Mihai Eminescu nr. 2,0357410086,0357410086,,,siria@ar.e-adm.ro,siria@ar.e-adm.ro,,/stare-civila/arad/,https://carteadeidentitate.gov.ro/ghisee/,2026-09-24
Argeș,Pitești,DGEP Argeș,judetean,"bd. Republicii nr. 60, bl. E3C",0248210359,0248210359,,,secretariat@evidentapopulatiei.cjarges.ro,secretariat@evidentapopulatiei.cjarges.ro,,/stare-civila/pitesti/,https://carteadeidentitate.gov.ro/ghisee/,2026-09-24
Argeș,Costești,SPCLEP Costești,local,str. Victoriei nr. 49,0248672088,0248672088,,,evidenta.populatiei@primariacostestiag.ro,evidenta.populatiei@primariacostestiag.ro,,/stare-civila/pitesti/,https://carteadeidentitate.gov.ro/ghisee/,2026-09-24
Argeș,Curtea de Argeș,SPCLEP Curtea de Argeș,local,bl. Basarabilor nr. 99,0348458802,0348458802,,,evp.curteadearges@yahoo.com,evp.curteadearges@yahoo.com,"adresa din registru nu apare pe site-ul instituției; acolo instituția publică primariacurteadearges@yahoo.com și telefonul 0248 721 033 (pagina oficială), verificat la 4 septembrie 2026",/stare-civila/pitesti/,https://carteadeidentitate.gov.ro/ghisee/,2026-09-04
Argeș,Câmpulung,SPCLEP Câmpulung,local,str. Negru Vodă nr. 127,0248510660,0248510660,,,spclep_campulung@ag.e-adm.ro,spclep_campulung@ag.e-adm.ro,,/stare-civila/pitesti/,https://carteadeidentitate.gov.ro/ghisee/,2026-09-24
Argeș,Mioveni,SPCLEP Mioveni,local,"bd. Dacia, bl. P2A, parter",0348455000,0348455000,,,spclep@emioveni.ro,spclep@emioveni.ro; spclep_mioveni@ag.e-adm.ro,,/stare-civila/pitesti/,https://carteadeidentitate.gov.ro/ghisee/,2026-09-24
Argeș,Pitești,DEP Pitești,local,str. Victoriei nr. 42,0348430468,0348430468,,,dep_pitesti@ag.e-adm.ro,dep_pitesti@ag.e-adm.ro; office@e-ep.ro,,/stare-civila/pitesti/,https://carteadeidentitate.gov.ro/ghisee/,2026-09-24
Argeș,Topoloveni,SPCLEP Topoloveni,local,Calea București nr. 107A,0248666249,0248666249,,,spclep_topoloveni@ag.e-adm.ro,spclep_topoloveni@ag.e-adm.ro,,/stare-civila/pitesti/,https://carteadeidentitate.gov.ro/ghisee/,2026-09-24
Argeș,Domnești,SPCLEP Domnești,local,str. Constantin Brâncoveanu nr. 1,0248269070,0248269070,,,spclepdomnestiag@gmail.com,spclepdomnestiag@gmail.com,,/stare-civila/pitesti/,https://carteadeidentitate.gov.ro/ghisee/,2026-09-24
Bacău,Bacău,DPEP Bacău,judetean,str. Henri Coandă nr. 2,0234206353,0234206353; 0234552091; 0234551677,,,dpep_bacau@bc.e-adm.ro,dpep_bacau@bc.e-adm.ro,,/stare-civila/bacau/,https://carteadeidentitate.gov.ro/ghisee/,2026-09-24
Bacău,Buhuși,SPCLEP Buhuși,local,bd. Republicii nr. 5,0234261598,0234261598,,,spcep_buhusi@bc.e-adm.ro,spcep_buhusi@bc.e-adm.ro,,/stare-civila/bacau/,https://carteadeidentitate.gov.ro/ghisee/,2026-09-24
Bacău,Comănești,SPCLEP Comănești,local,str. Ciobănuș nr. 2,0234372266,0234372266; 0745064456,,,contact@primariacomanesti.ro,contact@primariacomanesti.ro,,/stare-civila/bacau/,https://carteadeidentitate.gov.ro/ghisee/,2026-09-24
Bacău,Dărmănești,SPCLEP Dărmănești,local,str. Muncii nr. 16,0234356656,0234356656; 0752065617,,,evidentapopulatiei@orasuldarmanesti.ro,evidentapopulatiei@orasuldarmanesti.ro,,/stare-civila/bacau/,https://carteadeidentitate.gov.ro/ghisee/,2026-09-24
Bacău,Moinești,SPCLEP Moinești,local,str. Mihail Sadoveanu nr. 1,0234361621,0234361621,,,spcep_moinesti@bc.e-adm.ro,spcep_moinesti@bc.e-adm.ro,,/stare-civila/bacau/,https://carteadeidentitate.gov.ro/ghisee/,2026-09-24
Bacău,Onești,SPCLEP Onești,local,"bd. Oituz nr. 17, corp C",0234317778,0234317778,,,dep@onesti.ro,dep@onesti.ro,,/stare-civila/bacau/,https://carteadeidentitate.gov.ro/ghisee/,2026-09-24
Bacău,Slănic Moldova,SPCLEP Slănic Moldova,local,str. Vasile Alecsandri nr. 4,0234348103,0234348103; 0234348119,,,spclep@primariaslanicmoldova.ro,spclep@primariaslanicmoldova.ro,,/stare-civila/bacau/,https://carteadeidentitate.gov.ro/ghisee/,2026-09-24
Bacău,Târgu Ocna,SPCLEP Târgu Ocna,local,str. Trandafirilor nr. 1,0234344114,0234344114,,,spclep@orasul-targuocna.ro,spclep@orasul-targuocna.ro,,/stare-civila/bacau/,https://carteadeidentitate.gov.ro/ghisee/,2026-09-24
Bacău,Dofteana,SPCLEP Dofteana,local,str. Păcii nr. 19,0234352025,0234352025,,,spclepdofteana@yahoo.com,spclepdofteana@yahoo.com,"adresa din registru nu apare pe site-ul instituției; acolo instituția publică office@primariadofteana.ro și telefonul 0234 352 001 (pagina oficială), verificat la 4 septembrie 2026",/stare-civila/bacau/,https://carteadeidentitate.gov.ro/ghisee/,2026-09-04
Bacău,Filipești,SPCLEP Filipești,local,str. Radu Beligan nr. 142,0234215800,0234215800,,,contact@primaria-filipesti.ro,contact@primaria-filipesti.ro,,/stare-civila/bacau/,https://carteadeidentitate.gov.ro/ghisee/,2026-09-24
Bacău,Mărgineni,SPCLEP Mărgineni,local,Calea Moinești nr. 116,0334100120,0334100120; 0771296546,,,spclep@primaria-margineni.ro,spclep@primaria-margineni.ro,,/stare-civila/bacau/,https://carteadeidentitate.gov.ro/ghisee/,2026-09-24
Bacău,Palanca,SPCLEP Palanca,local,str. Parcului nr. 53,0234385013,0234385013; 0723174438,,,spclep@comunapalanca.ro,spclep@comunapalanca.ro,,/stare-civila/bacau/,https://carteadeidentitate.gov.ro/ghisee/,2026-09-24
Bacău,Podu Turcului,SPCLEP Podu Turcului,local,str. Tudor Vladimirescu nr. 170,0234289338,0234289338,,,spcep_poduturcului@bc.e-adm.ro,spcep_poduturcului@bc.e-adm.ro,,/stare-civila/bacau/,https://carteadeidentitate.gov.ro/ghisee/,2026-09-24
Bacău,Poduri,SPCLEP Poduri,local,str. General Nicolae Șova nr. 135A,0234331129,0234331129,,,drpcivpoduri@gmail.com,drpcivpoduri@gmail.com,"adresa din registru nu apare pe site-ul instituției; acolo instituția publică spclep@primariapoduri.ro și telefonul 0234 369 004 (pagina oficială), verificat la 4 septembrie 2026",/stare-civila/bacau/,https://carteadeidentitate.gov.ro/ghisee/,2026-09-04
Bacău,Răcăciuni,SPCLEP Răcăciuni,local,str. Ștefan cel Mare nr. 136,0234251212,0234251212,,,cl_racaciuni@yahoo.com,cl_racaciuni@yahoo.com,"adresa din registru nu apare pe site-ul instituției; acolo instituția publică secretariat@comunaracaciuni.ro și telefonul 0234 251 212 (pagina oficială), verificat la 4 septembrie 2026",/stare-civila/bacau/,https://carteadeidentitate.gov.ro/ghisee/,2026-09-04
Bacău,Sascut,SPCLEP Sascut,local,str. Jacques M. Elias,0744681218,0744681218,,,primariasascut@yahoo.com,primariasascut@yahoo.com,,/stare-civila/bacau/,https://carteadeidentitate.gov.ro/ghisee/,2026-09-24
Bacău,Secuieni,SPCLEP Secuieni,local,str. Principală nr. 174,0234223002,0234223002,,,comunasecuieni@yahoo.com,comunasecuieni@yahoo.com,,/stare-civila/bacau/,https://carteadeidentitate.gov.ro/ghisee/,2026-09-24
Bacău,Stănișești,SPCLEP Stănișești,local,str. Prof. univ. Zaharia Gheorghe nr. 9,0234700616,0234700616,,,comunastanisesti@yahoo.com,comunastanisesti@yahoo.com,,/stare-civila/bacau/,https://carteadeidentitate.gov.ro/ghisee/,2026-09-24
Bacău,Tamași,SPCLEP Tamași,local,"str. Principală nr. 142, corp A",0234225025,0234225025,,,spclep.tamasi@comunatamasi.ro,spclep.tamasi@comunatamasi.ro,,/stare-civila/bacau/,https://carteadeidentitate.gov.ro/ghisee/,2026-09-24
Bihor,Oradea,SPCJEP Bihor,judetean,str. Dunărea nr. 2,0359418207,0359418207,,,contact@djepbihor.ro,contact@djepbihor.ro,,/stare-civila/oradea/,https://carteadeidentitate.gov.ro/ghisee/,2026-09-24
Bihor,Aleşd,SPCLEP Aleșd,local,str. Bobâlna nr. 3,0359455989,0359455989,,,spclep@alesd-bihor.ro,spclep@alesd-bihor.ro,,/stare-civila/oradea/,https://carteadeidentitate.gov.ro/ghisee/,2026-09-24
Bihor,Beiuș,SPCLEP Beiuș,local,str. Mitropolit Andrei Șaguna nr. 10,0259321993,0259321993,,,spclep.beius@bh.e-adm.ro,spclep.beius@bh.e-adm.ro,,/stare-civila/oradea/,https://carteadeidentitate.gov.ro/ghisee/,2026-09-24
Bihor,Marghita,SPCLEP Marghita,local,str. Crișan nr. 2,0259363339,0259363339,,,spclep@marghita.ro,spclep@marghita.ro,,/stare-civila/oradea/,https://carteadeidentitate.gov.ro/ghisee/,2026-09-24
Bihor,Oradea,SPCLEP Oradea,local,Calea Republicii nr. 24,0259432823,0259432823,,,evp@oradea.ro,evp@oradea.ro,,/stare-civila/oradea/,https://carteadeidentitate.gov.ro/ghisee/,2026-09-24
Bihor,Salonta,SPCLEP Salonta,local,str. Iuliu Maniu nr. 10,0259373243,0259373243,tasta nr.5,,spclep.salonta@bh.e-adm.ro,spclep.salonta@bh.e-adm.ro,,/stare-civila/oradea/,https://carteadeidentitate.gov.ro/ghisee/,2026-09-24
Bihor,Ștei,SPCLEP Ștei,local,str. Poet Andrei Mureșanu nr. 4B,,,,,spclepstei@gmail.com,spclepstei@gmail.com,"adresa din registru nu apare în lista publicată de Direcția Județeană de Evidență a Persoanelor Bihor; acolo serviciul nu publică nicio adresă de e-mail, ci doar telefonul 0259 332 337 (lista oficială), verificat la 4 septembrie 2026",/stare-civila/oradea/,https://carteadeidentitate.gov.ro/ghisee/,2026-09-04
Bihor,Borș,SPCLEP Borș,local,nr. 200,0259316555,0259316555,,,spclep.bors@yahoo.com,spclep.bors@yahoo.com,"adresa din registru nu apare pe site-ul instituției; acolo instituția publică primariabors@gmail.com și telefonul 0259 316 155 (pagina oficială), verificat la 4 septembrie 2026",/stare-civila/oradea/,https://carteadeidentitate.gov.ro/ghisee/,2026-09-04
Bihor,Ceica,SPCLEP Ceica,local,nr. 48/A,0250324460,0250324460,,,primaria.ceica@cjbihor.ro,primaria.ceica@cjbihor.ro,"0250 324 460 — prefix de Vâlcea, nu de Bihor; așa apare în registrul oficial",/stare-civila/oradea/,https://carteadeidentitate.gov.ro/ghisee/,2026-09-24
Bihor,Diosig,SPCLEP Diosig,local,str. Livezilor nr. 32,0259350197,0259350197,,,spclep.diosig@bh.e-adm.ro,spclep.diosig@bh.e-adm.ro,,/stare-civila/oradea/,https://carteadeidentitate.gov.ro/ghisee/,2026-09-24
Bihor,Girișu de Criș,SPCLEP Girișu de Criș,local,"sat Tărian, str. Unirii nr. 2",0359453543,0359453543,,,starecivila.girisudecris@bh.e-adm.ro,starecivila.girisudecris@bh.e-adm.ro,,/stare-civila/oradea/,https://carteadeidentitate.gov.ro/ghisee/,2026-09-24
Bihor,Holod,SPCLEP Holod,local,nr. 228,0259311763,0259311763,,,evp.holod@yahoo.com,evp.holod@yahoo.com,"adresa din registru nu apare pe site-ul instituției; acolo instituția publică primaria@holod.ro și telefonul 0259 311 766 (pagina oficială), verificat la 4 septembrie 2026",/stare-civila/oradea/,https://carteadeidentitate.gov.ro/ghisee/,2026-09-04
Bihor,Sânmartin,SPCLEP Sânmartin,local,bd. Felix nr. 105,0259318284,0259318284,,,spclep@sanmartin.ro,spclep@sanmartin.ro,,/stare-civila/oradea/,https://carteadeidentitate.gov.ro/ghisee/,2026-09-24
Bihor,Săcueni,SPCLEP Săcueni,local,str. Libertății nr. 1,0259352040,0259352040,,,spclep.sacueni@bh.e-adm.ro,spclep.sacueni@bh.e-adm.ro,,/stare-civila/oradea/,https://carteadeidentitate.gov.ro/ghisee/,2026-09-24
Bihor,Săcădat,SPCLEP Săcădat,local,nr. 178,0259458239,0259458239,,,primariasacadat@yahoo.com,primariasacadat@yahoo.com,,/stare-civila/oradea/,https://carteadeidentitate.gov.ro/ghisee/,2026-09-24
Bihor,Sălard,SPCLEP Sălard,local,nr. 724,0259441049,0259441049,,,spclepsalard@gmail.com,spclepsalard@gmail.com,"adresa din registru nu apare pe site-ul instituției; acolo instituția publică registratura@salard.ro și telefonul 0259 441 049 (pagina oficială), verificat la 4 septembrie 2026",/stare-civila/oradea/,https://carteadeidentitate.gov.ro/ghisee/,2026-09-04
Bihor,Tileagd,SPCLEP Tileagd,local,str. Trandafirilor nr. 19A,0359177350,0359177350,,,primaria_tileagd@yahoo.com,primaria_tileagd@yahoo.com,"adresa din registru nu apare pe site-ul instituției; acolo instituția publică primaria@tileagd.ro și telefonul 0259 345 651 (pagina oficială), verificat la 4 septembrie 2026",/stare-civila/oradea/,https://carteadeidentitate.gov.ro/ghisee/,2026-09-04
Bihor,Tinca,SPCLEP Tinca,local,str. Armatei Române nr. 2,0259310075,0259310075,,,spclep.tinca@bh.e-adm.ro,spclep.tinca@bh.e-adm.ro,,/stare-civila/oradea/,https://carteadeidentitate.gov.ro/ghisee/,2026-09-24
Bihor,Vadu Crișului,SPCLEP Vadu Crișului,local,str. Principală nr. 693,0259443225,0259443225,,,spclep.vaducrisului@bh.e-adm.ro,spclep.vaducrisului@bh.e-adm.ro,,/stare-civila/oradea/,https://carteadeidentitate.gov.ro/ghisee/,2026-09-24
Bihor,Valea Lui Mihai,SPCLEP Valea lui Mihai,local,Calea Revolutiei nr. 2,0259355216,0259355216,,,evidentavalea@yahoo.com,evidentavalea@yahoo.com,"adresa din registru nu apare pe site-ul instituției; acolo instituția publică starecivila.valealuimihai@bh.e-adm.ro și telefonul 0259 355 216 (pagina oficială), verificat la 4 septembrie 2026",/stare-civila/oradea/,https://carteadeidentitate.gov.ro/ghisee/,2026-09-04
Bihor,Șuncuiuș,SPCLEP Șuncuiuș,local,str. Aurel Vlaicu nr. 439,0259456607,0259456607,,,spclep.suncuius@bh.e-adm.ro,spclep.suncuius@bh.e-adm.ro,,/stare-civila/oradea/,https://carteadeidentitate.gov.ro/ghisee/,2026-09-24
Bistrița-Năsăud,Beclean,SPCLEP Beclean,local,str. 1 Decembrie 1918 nr. 39,0263343949,0263343949,,,spclep_beclean@bn.e-adm.ro,spclep_beclean@bn.e-adm.ro,,/stare-civila/bistrita/,https://carteadeidentitate.gov.ro/ghisee/,2026-09-24
Bistrița-Năsăud,Bistrița,SPCLEP Bistrița,local,str. Piața Centrală nr. 2,0263233050,0263233050,,,sep@primariabistrita.ro,sep@primariabistrita.ro,,/stare-civila/bistrita/,https://carteadeidentitate.gov.ro/ghisee/,2026-09-24
Bistrița-Năsăud,Năsăud,SPCLEP Năsăud,local,"Piața Unirii nr. 15, etaj 1",0263361026,0263361026,,,starecivilanasaud@bn.e-adm.ro,starecivilanasaud@bn.e-adm.ro,,/stare-civila/bistrita/,https://carteadeidentitate.gov.ro/ghisee/,2026-09-24
Bistrița-Năsăud,Sângeorz-Băi,SPCLEP Sângeorz-Bai,local,str. Sălciilor nr. 18,0263370758,0263370758,,,info@sangeorz-bai.ro,info@sangeorz-bai.ro,,/stare-civila/bistrita/,https://carteadeidentitate.gov.ro/ghisee/,2026-09-24
Bistrița-Năsăud,Livezile,SPCLEP Livezile,local,nr. 177/A,0263270022,0263270022,,,primarie@primarialivezilebn.ro,primarie@primarialivezilebn.ro,,/stare-civila/bistrita/,https://carteadeidentitate.gov.ro/ghisee/,2026-09-24
Bistrița-Năsăud,Prundu Bârgăului,SPCLEP Prundu Bârgăului,local,str. Calea Transilvaniei nr. 194,0786982545,0786982545,,,primaria@prundubargaului.ro,primaria@prundubargaului.ro,,/stare-civila/bistrita/,https://carteadeidentitate.gov.ro/ghisee/,2026-09-24
Botoșani,Botoșani,SPCLEP Botoșani,local,str. Calea Națională nr. 91 (Uvertura Mall),0731686888,0731686888; 0231502200,,,spclep.botosani@gmail.com,spclep.botosani@gmail.com,,/stare-civila/botosani/,https://carteadeidentitate.gov.ro/ghisee/,2026-09-24
Botoșani,Bucecea,SPCLEP Bucecea,local,str. Calea Națională nr.30,,,,,spclepbucecea@gmail.com,spclepbucecea@gmail.com,"adresa din registru nu apare pe site-ul instituției; acolo instituția publică starecivila.primariabucecea@yahoo.com și telefonul 0231 550 112 (pagina oficială), verificat la 4 septembrie 2026",/stare-civila/botosani/,https://carteadeidentitate.gov.ro/ghisee/,2026-09-04
Botoșani,Darabani,SPCLEP Darabani,local,str. Ion Vodă nr. 1,0231631551,0231631551,,,,,,/stare-civila/botosani/,https://carteadeidentitate.gov.ro/ghisee/,2026-09-24
Botoșani,Dorohoi,SPCLEP Dorohoi,local,str. Lt. Olinescu nr. 1,0754022653,0754022653; 0231612660,,,,,,/stare-civila/botosani/,https://carteadeidentitate.gov.ro/ghisee/,2026-09-24
Botoșani,Flămânzi,SPCLEP Flămânzi,local,str. Dumitru Iov nr. 284,0231552244,0231552244,,,spclepflamanzi@bt.e-adm.ro,spclepflamanzi@bt.e-adm.ro,,/stare-civila/botosani/,https://carteadeidentitate.gov.ro/ghisee/,2026-09-24
Botoșani,Săveni,SPCLEP Săveni,local,str. 1 Decembrie nr. 8,0231541071,0231541071,,0231541071,spclepsavenibotosani@gmail.com,spclepsavenibotosani@gmail.com,"adresa din registru nu apare pe site-ul instituției; acolo instituția publică primaria_saveni@yahoo.com și telefonul 0231 541 070 (pagina oficială), verificat la 4 septembrie 2026",/stare-civila/botosani/,https://carteadeidentitate.gov.ro/ghisee/,2026-09-04
Botoșani,Ștefănești,SPCLEP Ștefănești,local,str. Ștefan Luchian nr. 4,0231564358,0231564358,,,,,,/stare-civila/botosani/,https://carteadeidentitate.gov.ro/ghisee/,2026-09-24
Botoșani,Dângeni,SPCLEP Dângeni,local,str. Principală nr. 48,0754873841,0754873841; 0371536058,,,evidentapopulatieidangeni@gmail.com,evidentapopulatieidangeni@gmail.com,"adresa din registru nu apare pe site-ul instituției; acolo instituția publică primariadangeni@yahoo.com și telefonul 0371 536 058 (pagina oficială), verificat la 4 septembrie 2026",/stare-civila/botosani/,https://carteadeidentitate.gov.ro/ghisee/,2026-09-04
Botoșani,Răchiți,SPCLEP Răchiți,local,str. 29 nr. 5,0231544210,0231544210,,,,,"registrul publică pentru acest ghișeu o adresă de e-mail nominală, a unei persoane, nu a serviciului; nu o reproducem aici — folosiți telefonul de mai sus sau adresa oficială a primăriei",/stare-civila/botosani/,https://carteadeidentitate.gov.ro/ghisee/,2026-09-24
Botoșani,Trușești,SPCLEP Trușești,local,str. Dr. Ioniță Nicu nr. 69,0231570060,0231570060,,,spcleptrusesti@yahoo.com,spcleptrusesti@yahoo.com,"adresa din registru nu apare pe site-ul instituției; acolo instituția publică primaria@primaria-trusesti.ro și telefonul 0231 570 060 (pagina oficială), verificat la 4 septembrie 2026",/stare-civila/botosani/,https://carteadeidentitate.gov.ro/ghisee/,2026-09-04
Brașov,Brașov,DGEP Brașov,judetean,str. Nicolae Titulescu nr.28,0268310284,0268310284,int 19,,djcep_brasov@bv.e-adm.ro,djcep_brasov@bv.e-adm.ro,,/stare-civila/brasov/,https://carteadeidentitate.gov.ro/ghisee/,2026-09-24
Brașov,Brașov,SPCLEP Brașov,local,Bd. Eroilor nr. 8,0268414460,0268414460,tasta 2 int. 248/0747014803,,evidentapersoanelor@spclepbv.ro,evidentapersoanelor@spclepbv.ro,,/stare-civila/brasov/,https://carteadeidentitate.gov.ro/ghisee/,2026-09-24
Brașov,Codlea,SPCLEP Codlea,local,str. Chimiștilor nr.3,0268252079,0268252079; 0752272405,,,spclep@mun.codlea.ro,spclep@mun.codlea.ro,,/stare-civila/brasov/,https://carteadeidentitate.gov.ro/ghisee/,2026-09-24
Brașov,Făgăraș,SPCLEP Făgăraș,local,str. Republicii nr.6,0368402833,0368402833,,,evidenta.persoanelor@primaria-fagaras.ro,evidenta.persoanelor@primaria-fagaras.ro,,/stare-civila/brasov/,https://carteadeidentitate.gov.ro/ghisee/,2026-09-24
Brașov,Ghimbav,SPCLEP Ghimbav,local,str. Lungă nr.1,0268258760,0268258760,,,spclep@primaria-ghimbav.ro,spclep@primaria-ghimbav.ro,,/stare-civila/brasov/,https://carteadeidentitate.gov.ro/ghisee/,2026-09-24
Brașov,Predeal,SPCLEP Predeal,local,str. Panduri nr.8,0268456237,0268456237,,,,,„starecivilă_predeal@bv.e-adm.ro” — adresa de e-mail din registru nu e validă,/stare-civila/brasov/,https://carteadeidentitate.gov.ro/ghisee/,2026-09-24
Brașov,Rupea,SPCLEP Rupea,local,str. Republicii nr.153,0268260642,0268260642,,,spclep_rupea@bv.e-adm.ro,spclep_rupea@bv.e-adm.ro,,/stare-civila/brasov/,https://carteadeidentitate.gov.ro/ghisee/,2026-09-24
Brașov,Râșnov,SPCLEP Râșnov,local,Piața Unirii nr.12,0268230207,0268230207; 0734114278,,,,,"registrul publică pentru acest ghișeu o adresă de e-mail nominală, a unei persoane, nu a serviciului; nu o reproducem aici — folosiți telefonul de mai sus sau adresa oficială a primăriei",/stare-civila/brasov/,https://carteadeidentitate.gov.ro/ghisee/,2026-09-24
Brașov,Săcele,SPCLEP Săcele,local,str. Mihai Eminescu nr.4,0268273243,0268273243,,,primaria@mun.sacele.ro,primaria@mun.sacele.ro,,/stare-civila/brasov/,https://carteadeidentitate.gov.ro/ghisee/,2026-09-24
Brașov,Victoria,SPCLEP Victoria,local,str. Stadionului nr.14,0268241135,0268241135,,,evidentapopulatiei@primariavictoria.ro,evidentapopulatiei@primariavictoria.ro,,/stare-civila/brasov/,https://carteadeidentitate.gov.ro/ghisee/,2026-09-24
Brașov,Zărnești,SPCLEP Zărnești,local,str. Postăvarului nr.5,0268222080,0268222080,,,evidenta.persoanei@primaria-zarnesti.ro,evidenta.persoanei@primaria-zarnesti.ro,,/stare-civila/brasov/,https://carteadeidentitate.gov.ro/ghisee/,2026-09-24
Brașov,Bod,SPCLEP Bod,local,"sat Bod, str. Școlii nr.139",0799501996,0799501996,,,starecivila@primariabod.ro,starecivila@primariabod.ro,,/stare-civila/brasov/,https://carteadeidentitate.gov.ro/ghisee/,2026-09-24
Brașov,Bran,SPCLEP Bran,local,"sat Bran, str. I.G. Stoian nr.1",0268236416,0268236416,,,evidentapopulatiei@primariabran.ro,evidentapopulatiei@primariabran.ro,,/stare-civila/brasov/,https://carteadeidentitate.gov.ro/ghisee/,2026-09-24
Brașov,Cristian,SPCLEP Cristian,local,"sat Cristian, Piața Libertății nr. 20A",0372904762,0372904762,,,spclep@primariacristian.ro,spclep@primariacristian.ro,,/stare-civila/brasov/,https://carteadeidentitate.gov.ro/ghisee/,2026-09-24
Brașov,Feldioara,SPCLEP Feldioara,local,"sat Feldioara, str. Octavian Goga nr.67",0268265089,0268265089,,,spclep_feldioara@bv.e-adm.ro,spclep_feldioara@bv.e-adm.ro,,/stare-civila/brasov/,https://carteadeidentitate.gov.ro/ghisee/,2026-09-24
Brașov,Hălchiu,SPCLEP Hălchiu,local,"sat Hălchiu, str. Feldioarei, nr. 1",0268481174,0268481174,,,uat_comuna_halchiu@yahoo.com,uat_comuna_halchiu@yahoo.com,"adresa din registru nu apare pe site-ul instituției; acolo instituția publică secretariat@primariahalchiu.ro (pagina oficială), verificat la 4 septembrie 2026",/stare-civila/brasov/,https://carteadeidentitate.gov.ro/ghisee/,2026-09-04
Brașov,Poiana Mărului,SPCLEP Poiana Mărului,local,sat Poiana Mărului nr.189,0368008176,0368008176,int.1005,,contact@primariapoianamarului.ro,contact@primariapoianamarului.ro,,/stare-civila/brasov/,https://carteadeidentitate.gov.ro/ghisee/,2026-09-24
Brașov,Prejmer,SPCLEP Prejmer,local,"sat Prejmer, str. Mare nr.565",0268362003,0268362003,,,starecivila@primariaprejmer.ro,starecivila@primariaprejmer.ro,,/stare-civila/brasov/,https://carteadeidentitate.gov.ro/ghisee/,2026-09-24
Brașov,Părău,SPCLEP Părău,local,"sat Părău, str. Mihai Eminescu nr.85",0731026001,0731026001,,,spclep@comuna-parau.ro,spclep@comuna-parau.ro,,/stare-civila/brasov/,https://carteadeidentitate.gov.ro/ghisee/,2026-09-24
Brașov,Vama Buzăului,SPCLEP Vama Buzăului,local,sat Vama Buzăului nr.426,0268288505,0268288505,,,vamabuzaului@bv.e-adm.ro,vamabuzaului@bv.e-adm.ro,,/stare-civila/brasov/,https://carteadeidentitate.gov.ro/ghisee/,2026-09-24
Brașov,Șercaia,SPCLEP Șercaia,local,"sat Șercaia, str. Principală nr.82",0268245809,0268245809,,,contact@primaria-sercaia.ro,contact@primaria-sercaia.ro,,/stare-civila/brasov/,https://carteadeidentitate.gov.ro/ghisee/,2026-09-24
Brașov,Șinca,SPCLEP Șinca,local,"sat Șinca Veche, str. Principală nr. 314",0268245301,0268245301,,,starecivila_sinca@bv.e-adm.ro,starecivila_sinca@bv.e-adm.ro,,/stare-civila/brasov/,https://carteadeidentitate.gov.ro/ghisee/,2026-09-24
Brașov,Șinca Nouă,SPCLEP Șinca Nouă,local,"sat. Șinca Nouă, nr.358",0268228788,0268228788,,,primariasincanoua@yahoo.com,primariasincanoua@yahoo.com,"adresa din registru nu apare pe site-ul instituției; acolo instituția nu publică nicio adresă de e-mail, ci doar telefonul 0268 228 721 (pagina oficială), verificat la 4 septembrie 2026",/stare-civila/brasov/,https://carteadeidentitate.gov.ro/ghisee/,2026-09-04
Brăila,Brăila,SPCJEP Brăila,judetean,Bd. Alexandru Ioan Cuza nr. 134,0239611645,0239611645,,,evidenta_djepbraila@e-adm.ro,evidenta_djepbraila@e-adm.ro,,/stare-civila/braila/,https://carteadeidentitate.gov.ro/ghisee/,2026-09-24
Brăila,Brăila,SPCLEP Brăila,local,Bd. Alexandru Ioan Cuza nr. 134,0239611700,0239611700,,,spclepbraila@br.e-adm.ro,spclepbraila@br.e-adm.ro,,/stare-civila/braila/,https://carteadeidentitate.gov.ro/ghisee/,2026-09-24
Brăila,Făurei,SPCLEP Făurei,local,str. Republicii nr. 46,0239661365,0239661365,,,evpfaurei@gmail.com,evpfaurei@gmail.com,"adresa din registru nu apare pe site-ul instituției; acolo instituția publică registratura@orasulfaurei.ro și telefonul 0239 661 424 (pagina oficială), verificat la 4 septembrie 2026",/stare-civila/braila/,https://carteadeidentitate.gov.ro/ghisee/,2026-09-04
Brăila,Ianca,SPCLEP Ianca,local,Calea Brăilei nr. 27,0239668178,0239668178,,,evidentapopulatiei@primaria-ianca.ro,evidentapopulatiei@primaria-ianca.ro,,/stare-civila/braila/,https://carteadeidentitate.gov.ro/ghisee/,2026-09-24
Brăila,Însurăței,SPCLEP Însurăței,local,Șos. Brăilei nr. 13,0239660550,0239660550; 0239660312,,,spclep@primariainsuratei.ro,spclep@primariainsuratei.ro,,/stare-civila/braila/,https://carteadeidentitate.gov.ro/ghisee/,2026-09-24
București,DGEPMB,DGEPMB Bibescu Vodă,judetean,str. Bibescu Vodă nr. 1,0213060100,0213060100; 0213060105,,,relatii.publice@dgepmb.ro,relatii.publice@dgepmb.ro,,/stare-civila/bucuresti/,https://carteadeidentitate.gov.ro/ghisee/,2026-09-24
București,Sector 1 - Mureș,SECTOR 1 Mureș,local,Str. Mureș nr. 18-24,0212226026,0212226026,,,,,,/stare-civila/bucuresti/,https://carteadeidentitate.gov.ro/ghisee/,2026-09-24
București,Sector 1 - Piața Amzei,SECTOR 1 Piața Amzei,local,str. Piața Amzei nr. 13,0212223151,0212223151; 0212220448,,,,,,/stare-civila/bucuresti/,https://carteadeidentitate.gov.ro/ghisee/,2026-09-24
București,Sector 2 - Veranda Mall,SECTOR 2 Veranda Mall,local,"str. Ziduri Moși nr. 23, etajul 2",0314254468,0314254468; 0212501314,,,dep@ps2.ro,dep@ps2.ro,,/stare-civila/bucuresti/,https://carteadeidentitate.gov.ro/ghisee/,2026-09-24
București,Sector 3 - Laminor,SECTOR 3 Laminor,local,bd. Basarabia nr. 256 (hala Laminor),,,,,evidenta.persoane@primarie3.ro,evidenta.persoane@primarie3.ro,,/stare-civila/bucuresti/,https://carteadeidentitate.gov.ro/ghisee/,2026-09-24
București,Sector 3 - Matei Basarab,SECTOR 3 Matei Basarab,local,"str. Matei Basarab nr. 32, Corp C",0759993142,0759993142,,,evidenta.persoane@primarie3.ro,evidenta.persoane@primarie3.ro,"în registrul oficial DGEP, actualizat la 24 august 2026, acest ghișeu apare inactiv; pentru sectorul 3 registrul listează ca activ ghișeul Laminor, bd. Basarabia nr. 256 (hala Laminor) — verifică înainte să te deplasezi",/stare-civila/bucuresti/,https://carteadeidentitate.gov.ro/ghisee/,2026-09-24
București,Sector 3 - Nerva Traian,SECTOR 3 Nerva Traian,local,"str. Nerva Traian nr. 1, bloc K6, Tronson II",0213403146,0213403146; 0213403147,,,evidenta.persoane@primarie3.ro,evidenta.persoane@primarie3.ro,"în registrul oficial DGEP, actualizat la 24 august 2026, acest ghișeu apare inactiv; pentru sectorul 3 registrul listează ca activ ghișeul Laminor, bd. Basarabia nr. 256 (hala Laminor) — verifică înainte să te deplasezi",/stare-civila/bucuresti/,https://carteadeidentitate.gov.ro/ghisee/,2026-09-24
București,Sector 4 - Grand Arena,SECTOR 4 Grand Arena,local,"bd. Metalurgiei nr. 12-18, Etaj. 1, Berceni",0219441,0219441,,,,,,/stare-civila/bucuresti/,https://carteadeidentitate.gov.ro/ghisee/,2026-09-24
București,Sector 4 - Străduinței,SECTOR 4 Străduinței,local,str. Străduinței nr. 1,0219441,0219441,,,,,,/stare-civila/bucuresti/,https://carteadeidentitate.gov.ro/ghisee/,2026-09-24
București,Sector 5 - George Coșbuc,SECTOR 5,local,bd. George Coșbuc nr. 36-38,0213144680,0213144680; 0213144318,,,primarie@sector5.ro,primarie@sector5.ro,,/stare-civila/bucuresti/,https://carteadeidentitate.gov.ro/ghisee/,2026-09-24
București,Sector 6 - Iuliu Maniu,SECTOR 6 Iuliu Maniu,local,bd. Iuliu Maniu nr. 19,0319191,0319191,tasta 8,,,,,/stare-civila/bucuresti/,https://carteadeidentitate.gov.ro/ghisee/,2026-09-24
București,Sector 6 - Taberei,SECTOR 6 Taberei,local,dr. Taberei nr. 18,0319191,0319191,tasta 7,,,,,/stare-civila/bucuresti/,https://carteadeidentitate.gov.ro/ghisee/,2026-09-24
Buzău,Buzău,SPCLEP Buzău,local,Piața Teatrului nr. 1,0238712317,0238712317,,,evidenta.persoanelor@primariabuzau.ro,evidenta.persoanelor@primariabuzau.ro,,/stare-civila/buzau/,https://carteadeidentitate.gov.ro/ghisee/,2026-09-24
Buzău,Nehoiu,SPCLEP Nehoiu,local,Calea Mihai Viteazu nr. 43,0238504548,0238504548,,,evidentapersoanelor@primaria-nehoiu.ro,evidentapersoanelor@primaria-nehoiu.ro,,/stare-civila/buzau/,https://carteadeidentitate.gov.ro/ghisee/,2026-09-24
Buzău,Pogoanele,SPCLEP Pogoanele,local,str. Libertății nr. 1,0238552115,0238552115,,,spclep.pogoanele@gmail.com,spclep.pogoanele@gmail.com,"adresa din registru nu apare pe site-ul instituției; acolo instituția publică registratura@primariepogoanele.ro și telefonul 0238 552 123 (pagina oficială), verificat la 4 septembrie 2026",/stare-civila/buzau/,https://carteadeidentitate.gov.ro/ghisee/,2026-09-04
Buzău,Pătârlagele,SPCLEP Pătârlagele,local,str. Nicolae Bălcescu nr. 50,0238551919,0238551919,,,,,,/stare-civila/buzau/,https://carteadeidentitate.gov.ro/ghisee/,2026-09-24
Buzău,Râmnicu Sărat,SPCLEP Râmnicu Sărat,local,str. Nicolae Bălcescu nr. 2A,0238560100,0238560100,,,evidentapersoane@primariermsarat.ro,evidentapersoane@primariermsarat.ro,,/stare-civila/buzau/,https://carteadeidentitate.gov.ro/ghisee/,2026-09-24
Buzău,Beceni,SPCLEP Beceni,local,str. Principală B nr. 25,0238528631,0238528631,,,spclepbeceni@yahoo.com,spclepbeceni@yahoo.com,"adresa din registru nu apare pe site-ul instituției; acolo instituția publică office@primariabeceni.ro și telefonul 0238 528 631 (pagina oficială), verificat la 4 septembrie 2026",/stare-civila/buzau/,https://carteadeidentitate.gov.ro/ghisee/,2026-09-04
Buzău,Cislău,SPCLEP Cislău,local,Calea Mihai Viteazu nr. 191,0238730001,0238730001,,,spclep@primariacislau.ro,spclep@primariacislau.ro,,/stare-civila/buzau/,https://carteadeidentitate.gov.ro/ghisee/,2026-09-24
Buzău,Pârscov,SPCLEP Pârscov,local,nr. 1048,0238527661,0238527661,,,spclep@pirscov.ro,spclep@pirscov.ro,,/stare-civila/buzau/,https://carteadeidentitate.gov.ro/ghisee/,2026-09-24
Buzău,Săhăteni,SPCLEP Săhăteni,local,str. Principală nr. 143,0238794136,0238794136,,,evidentapersoanelorsahateni@gmail.ro,evidentapersoanelorsahateni@gmail.ro,"„evidentapersoanelorsahateni@gmail.ro” — domeniul gmail.ro nu există ca serviciu de e-mail, deci corespondența trimisă acolo nu ajunge nicăieri; cel mai probabil o greșeală de tastare, în loc de gmail.com | adresa din registru nu apare pe site-ul instituției; acolo instituția nu publică nicio adresă de e-mail, ci doar telefonul 0238 794 392 (pagina oficială), verificat la 4 septembrie 2026",/stare-civila/buzau/,https://carteadeidentitate.gov.ro/ghisee/,2026-09-04
Buzău,Zărnești,SPCLEP Zărnești,local,sat Fundeni,0238797010,0238797010,,,spclepzarnesti@gmail.com,spclepzarnesti@gmail.com,"adresa din registru nu apare pe site-ul instituției; acolo instituția publică primaria.zarnesti@yahoo.com și telefonul 0238 785 175 (pagina oficială), verificat la 4 septembrie 2026",/stare-civila/buzau/,https://carteadeidentitate.gov.ro/ghisee/,2026-09-04
Caraș-Severin,Reșița,DJEP Caraș-Severin,judetean,bd. Alexandru Ioan Cuza nr. 4,0255219994,0255219994,,,,,,/stare-civila/resita/,https://carteadeidentitate.gov.ro/ghisee/,2026-09-24
Caraș-Severin,Anina,SPCLEP Anina,local,"sat Mathias Hammer, str. Mathias Hammer nr. 2",0255241742,0255241742,,,spclepanina@yahoo.com,spclepanina@yahoo.com,"adresa din registru pare scrisă greșit: instituția publică bpclepanina@yahoo.com (începe cu „bpclep”, nu „spclep”), deci corespondența trimisă la adresa din registru nu ajunge la ea (pagina oficială), verificat la 4 septembrie 2026",/stare-civila/resita/,https://carteadeidentitate.gov.ro/ghisee/,2026-09-04
Caraș-Severin,Bocșa,SPCLEP Bocșa,local,str. Mihail Gaşpar nr. 13,0255555321,0255555321,,,evidentapersoanelorpob@gmail.com,evidentapersoanelorpob@gmail.com,"adresa din registru nu apare pe site-ul instituției; acolo instituția publică spclep.bocsa@cs.e-adm.ro și telefonul 0255 555 321 (pagina oficială), verificat la 4 septembrie 2026",/stare-civila/resita/,https://carteadeidentitate.gov.ro/ghisee/,2026-09-04
Caraș-Severin,Bozovici,SPCLEP Bozovici,local,"sat Bozovici, nr. 248",0255242060,0255242060,,,,,,/stare-civila/resita/,https://carteadeidentitate.gov.ro/ghisee/,2026-09-24
Caraș-Severin,Băile Herculane,SPCLEP Băile Herculane,local,str. Mihai Eminescu nr. 10,0255560088,0255560088,,,,,,/stare-civila/resita/,https://carteadeidentitate.gov.ro/ghisee/,2026-09-24
Caraș-Severin,Caransebeș,SPCLEP Caransebeș,local,str. Teiușului nr. 24,0255513858,0255513858,,,spclep@primaria-caransebes.ro,spclep@primaria-caransebes.ro,,/stare-civila/resita/,https://carteadeidentitate.gov.ro/ghisee/,2026-09-24
Caraș-Severin,Moldova Nouă,SPCLEP Moldova Nouă,local,Aleea Mihai Viteazu nr. 36A,0255541429,0255541429,,,,,,/stare-civila/resita/,https://carteadeidentitate.gov.ro/ghisee/,2026-09-24
Caraș-Severin,Oravița,SPCLEP Oravița,local,str. 1 Decembrie 1918 nr. 60,0255571611,0255571611,,,,,,/stare-civila/resita/,https://carteadeidentitate.gov.ro/ghisee/,2026-09-24
Caraș-Severin,Oțelu Roșu,SPCLEP Oțelu Roșu,local,str. Rozelor nr. 2,0255531092,0255531092,,,evidentapersoanelororavita@gmail.com,evidentapersoanelororavita@gmail.com,"adresa conține „oravita”, deci pare a fi a serviciului din Oravița, nu a celui din Oțelu Roșu; serviciul de aici publică primaria_otelurosu@yahoo.com și telefonul 0255 530 803 (pagina oficială), verificat la 4 septembrie 2026",/stare-civila/resita/,https://carteadeidentitate.gov.ro/ghisee/,2026-09-04
Caraș-Severin,Reșița,SPCLEP Reșița,local,bd. Alexandru Ioan Cuza nr. 39,0355080246,0355080246,,,evidentapersoanelor@primariaresita.ro,evidentapersoanelor@primariaresita.ro,,/stare-civila/resita/,https://carteadeidentitate.gov.ro/ghisee/,2026-09-24
Caraș-Severin,Armeniș,SPCLEP Armeniș,local,"sat Armeniș, nr. 368",0255529700,0255529700,,,,,,/stare-civila/resita/,https://carteadeidentitate.gov.ro/ghisee/,2026-09-24
Caraș-Severin,Berzasca,SPCLEP Berzasca,local,"sat Berzasca, nr. 282",0728049162,0728049162,,,spclep.berzasca@cs.e-adm.ro,spclep.berzasca@cs.e-adm.ro,,/stare-civila/resita/,https://carteadeidentitate.gov.ro/ghisee/,2026-09-24
Caraș-Severin,Berzovia,SPCLEP Berzovia,local,"sat Berzovia, nr. 123",0255525888,0255525888,,,,,,/stare-civila/resita/,https://carteadeidentitate.gov.ro/ghisee/,2026-09-24
Caraș-Severin,Brebu,SPCLEP Brebu,local,"sat Brebu, nr. 350",0761235956,0761235956,,,,,,/stare-civila/resita/,https://carteadeidentitate.gov.ro/ghisee/,2026-09-24
Caraș-Severin,Buchin,SPCLEP Buchin,local,"sat Buchin, nr. 4D",0255516075,0255516075,,,,,,/stare-civila/resita/,https://carteadeidentitate.gov.ro/ghisee/,2026-09-24
Caraș-Severin,Bucoșnița,SPCLEP Bucoșnița,local,"sat Bucoșnița, nr. 154",0785206571,0785206571,,,,,,/stare-civila/resita/,https://carteadeidentitate.gov.ro/ghisee/,2026-09-24
Caraș-Severin,Băuțar,SPCLEP Băuțar,local,"sat Băuțar, nr. 55",0762216116,0762216116,,,,,,/stare-civila/resita/,https://carteadeidentitate.gov.ro/ghisee/,2026-09-24
Caraș-Severin,Carașova,SPCLEP Carașova,local,"sat Carașova, nr. 274",0255232000,0255232000,,,,,,/stare-civila/resita/,https://carteadeidentitate.gov.ro/ghisee/,2026-09-24
Caraș-Severin,Cornea,SPCLEP Cornea,local,"sat Cornea, nr. 290B",0355410145,0355410145,,,,,,/stare-civila/resita/,https://carteadeidentitate.gov.ro/ghisee/,2026-09-24
Caraș-Severin,Cornereva,SPCLEP Cornereva,local,"sat Cornereva, nr. 330",0756040292,0756040292,,,,,,/stare-civila/resita/,https://carteadeidentitate.gov.ro/ghisee/,2026-09-24
Caraș-Severin,Căvăran,SPCLEP Constantin Daicoviciu,local,"sat Căvăran, nr. 11",0355412013,0355412013,,,,,,/stare-civila/resita/,https://carteadeidentitate.gov.ro/ghisee/,2026-09-24
Caraș-Severin,Fârliug,SPCLEP Fârliug,local,"sat Fârliug, nr. 80",,,,,primaria.farliug@cs.e-adm.ro,primaria.farliug@cs.e-adm.ro,,/stare-civila/resita/,https://carteadeidentitate.gov.ro/ghisee/,2026-09-24
Caraș-Severin,Mehadia,SPCLEP Mehadia,local,"sat Mehadia, bl. A4",0355401012,0355401012,,,,,,/stare-civila/resita/,https://carteadeidentitate.gov.ro/ghisee/,2026-09-24
Caraș-Severin,Obreja,SPCLEP Obreja,local,"sat Obreja, nr. 164",0255534425,0255534425,,,,,,/stare-civila/resita/,https://carteadeidentitate.gov.ro/ghisee/,2026-09-24
Caraș-Severin,Pojejena,SPCLEP Pojejena,local,"sat Pojejena, nr. 277",0255544344,0255544344,,,spclep.pojejena@cs.e-adm.ro,spclep.pojejena@cs.e-adm.ro,,/stare-civila/resita/,https://carteadeidentitate.gov.ro/ghisee/,2026-09-24
Caraș-Severin,Păltiniș,SPCLEP Păltiniș,local,"sat Păltiniș, nr. 123",0355429145,0355429145,,,,,,/stare-civila/resita/,https://carteadeidentitate.gov.ro/ghisee/,2026-09-24
Caraș-Severin,Slatina Timiș,SPCLEP Slatina Timiș,local,"sat Slatina Timiș, str. Principală nr. 3",0355401711,0355401711,,,,,,/stare-civila/resita/,https://carteadeidentitate.gov.ro/ghisee/,2026-09-24
Caraș-Severin,Teregova,SPCLEP Teregova,local,"sat Teregova, nr. 358",0255260291,0255260291,,,,,,/stare-civila/resita/,https://carteadeidentitate.gov.ro/ghisee/,2026-09-24
Caraș-Severin,Turnu Ruieni,SPCLEP Turnu Ruieni,local,"sat Turnu Ruieni, nr. 45",0728159836,0728159836,,,primariaturnuruieni@gmail.com,primariaturnuruieni@gmail.com,,/stare-civila/resita/,https://carteadeidentitate.gov.ro/ghisee/,2026-09-24
Caraș-Severin,Târnova,SPCLEP Târnova,local,"sat Târnova, nr. 376",0255234704,0255234704,,,,,,/stare-civila/resita/,https://carteadeidentitate.gov.ro/ghisee/,2026-09-24
Caraș-Severin,Zăvoi,SPCLEP Zăvoi,local,"sat Zăvoi, nr. 186",0733970442,0733970442,,,primaria_zavoi@yahoo.ro,primaria_zavoi@yahoo.ro,,/stare-civila/resita/,https://carteadeidentitate.gov.ro/ghisee/,2026-09-24
Cluj,Cluj-Napoca,DJEP Cluj,judetean,str. Aviator Bădescu nr. 7-9,0264450406,0264450406,,,djep_cluj@cj.e-adm.ro,djep_cluj@cj.e-adm.ro,,/stare-civila/cluj-napoca/,https://carteadeidentitate.gov.ro/ghisee/,2026-09-24
Cluj,Cluj-Napoca,SPCLEP Cluj-Napoca,local,Calea Moților nr. 5,,,,,sep@primariaclujnapoca.ro,sep@primariaclujnapoca.ro,„596030” — numărul apare incomplet sau cu cifre în plus în registrul oficial; verifică-l pe pagina instituției,/stare-civila/cluj-napoca/,https://carteadeidentitate.gov.ro/ghisee/,2026-09-24
Cluj,Câmpia Turzii,SPCLEP Câmpia Turzii,local,str. 1 Decembrie nr. 4,0264365818,0264365818,,,campiaturzii_spclep@cj.e-adm.ro,campiaturzii_spclep@cj.e-adm.ro,,/stare-civila/cluj-napoca/,https://carteadeidentitate.gov.ro/ghisee/,2026-09-24
Cluj,Dej,SPCLEP Dej,local,str. 1 Mai nr. 2,0264211790,0264211790,,,dej_spclep@cj.e-adm.ro,dej_spclep@cj.e-adm.ro,,/stare-civila/cluj-napoca/,https://carteadeidentitate.gov.ro/ghisee/,2026-09-24
Cluj,Gherla,SPCLEP Gherla,local,str. Mihai Viteazu nr. 1A,0732303983,0732303983,,,evidentapersoanei@gherla.ro,evidentapersoanei@gherla.ro,,/stare-civila/cluj-napoca/,https://carteadeidentitate.gov.ro/ghisee/,2026-09-24
Cluj,Huedin,SPCLEP Huedin,local,str. Horea nr. 1,0264351475,0264351475,,,spclep@primariahuedin.ro,spclep@primariahuedin.ro,,/stare-civila/cluj-napoca/,https://carteadeidentitate.gov.ro/ghisee/,2026-09-24
Cluj,Turda,SPCLEP Turda,local,Piața Republicii nr. 24,0264315490,0264315490,,,evidentapopulatiei@primariaturda.ro,evidentapopulatiei@primariaturda.ro,,/stare-civila/cluj-napoca/,https://carteadeidentitate.gov.ro/ghisee/,2026-09-24
Cluj,Florești,SPCLEP Florești,local,str. Avram Iancu nr. 170,,,interior 1,,spclep@floresticluj.ro,spclep@floresticluj.ro,„0364994” — numărul apare incomplet sau cu cifre în plus în registrul oficial; verifică-l pe pagina instituției,/stare-civila/cluj-napoca/,https://carteadeidentitate.gov.ro/ghisee/,2026-09-24
Constanța,Constanța,DGEP Constanța,judetean,"str. Ștefan cel Mare nr. 44, bl. M16, parter",0241482406,0241482406,,,office@dgep-constanta.ro,office@dgep-constanta.ro,,/stare-civila/constanta/,https://carteadeidentitate.gov.ro/ghisee/,2026-09-24
Constanța,Cernavodă,SPCLEP Cernavodă,local,Aleea Dacia nr. 5,0241487145,0241487145,,,evidenta.persoanelor@primaria-cernavoda.ro,evidenta.persoanelor@primaria-cernavoda.ro,,/stare-civila/constanta/,https://carteadeidentitate.gov.ro/ghisee/,2026-09-24
Constanța,Constanța,DLEP Constanța,local,"bd. Alexandru Lăpușneanu nr. 116C, CITY MALL, et. 1",0241661510,0241661510,,,evidentapopulatiei@primaria-constanta.ro,evidentapopulatiei@primaria-constanta.ro,,/stare-civila/constanta/,https://carteadeidentitate.gov.ro/ghisee/,2026-09-24
Constanța,Eforie,SPCLEP Eforie Nord,local,str. A.I. Cuza nr. 2,0374941679,0374941679,,,spclep@primariaeforie.ro,spclep@primariaeforie.ro,,/stare-civila/constanta/,https://carteadeidentitate.gov.ro/ghisee/,2026-09-24
Constanța,Hârșova,SPCLEP Hărșova,local,str. Revoluției nr. 37,0241872435,0241872435,,,spclep@primaria-harsova.ro,spclep@primaria-harsova.ro,,/stare-civila/constanta/,https://carteadeidentitate.gov.ro/ghisee/,2026-09-24
Constanța,Mangalia,SPCLEP Mangalia,local,Șoseaua Constanței nr. 90,0241757745,0241757745,,,evidenta.persoanelor@primaria.mangalia.ro,evidenta.persoanelor@primaria.mangalia.ro,,/stare-civila/constanta/,https://carteadeidentitate.gov.ro/ghisee/,2026-09-24
Constanța,Medgidia,SPCLEP Medgidia,local,str. Republicii nr. 60B,0241812300,0241812300,,,spclep@primaria-medgidia.ro,spclep@primaria-medgidia.ro,,/stare-civila/constanta/,https://carteadeidentitate.gov.ro/ghisee/,2026-09-24
Constanța,Murfatlar,SPCLEP Murfatlar,local,Calea Dobrogei nr. 1,0241234561,0241234561,,,evp@primaria-murfatlar.ro,evp@primaria-murfatlar.ro,,/stare-civila/constanta/,https://carteadeidentitate.gov.ro/ghisee/,2026-09-24
Constanța,Negru Vodă,SPCLEP Negru Vodă,local,Șoseaua Mangaliei nr. 13,0241781008,0241781008,,,office@primaria-negruvoda.ro,office@primaria-negruvoda.ro,,/stare-civila/constanta/,https://carteadeidentitate.gov.ro/ghisee/,2026-09-24
Constanța,Năvodari,SPCLEP Năvodari,local,"str. Albinelor nr. 1, bl. B2, parter",0241766266,0241766266,,,spclep@primaria-navodari.ro,spclep@primaria-navodari.ro,,/stare-civila/constanta/,https://carteadeidentitate.gov.ro/ghisee/,2026-09-24
Constanța,Ovidiu,SPCLEP Ovidiu,local,str. Sănătății nr. 1,0766140730,0766140730,,,evidentapopulatiei@primariaovidiu.ro,evidentapopulatiei@primariaovidiu.ro,,/stare-civila/constanta/,https://carteadeidentitate.gov.ro/ghisee/,2026-09-24
Constanța,Techirghiol,SPCLEP Techirghiol,local,str. Dr. Bechir Cobanzade nr. 4,0241736069,0241736069,,,,,,/stare-civila/constanta/,https://carteadeidentitate.gov.ro/ghisee/,2026-09-24
Constanța,Adamclisi,SPCLEP Adamclisi,local,"str. Muzeului nr. 11, bl. 3 ap. 2",0241854619,0241854619,,,primariaadamclisi@yahoo.com,primariaadamclisi@yahoo.com,"adresa din registru nu apare pe site-ul instituției; acolo instituția publică contact@primaria-adamclisi.ro și telefonul 0241 854 619 (pagina oficială), verificat la 4 septembrie 2026",/stare-civila/constanta/,https://carteadeidentitate.gov.ro/ghisee/,2026-09-04
Constanța,Agigea,SPCLEP Agigea,local,"Șoseaua Mangaliei, DN39 (temporar)",0241738172,0241738172,,,spclep@parimaria-agigea.ro,spclep@parimaria-agigea.ro,,/stare-civila/constanta/,https://carteadeidentitate.gov.ro/ghisee/,2026-09-24
Constanța,Băneasa,SPCLEP Băneasa,local,str. Trandafirilor nr. 101,0241850350,0241850350,,,secretariat@primaria-baneasa.ro,secretariat@primaria-baneasa.ro,,/stare-civila/constanta/,https://carteadeidentitate.gov.ro/ghisee/,2026-09-24
Constanța,Castelu,SPCLEP Castelu,local,str. Republicii nr. 58,0241852024,0241852024,,,castelu@ct.e-adm.ro,castelu@ct.e-adm.ro,,/stare-civila/constanta/,https://carteadeidentitate.gov.ro/ghisee/,2026-09-24
Constanța,Ciocârlia,SPCLEP Ciocârlia,local,"sat Ciocârlia, str. 1 Decembrie, nr 80",,,,,spclep@primariaciocarlia.ro,spclep@primariaciocarlia.ro,,/stare-civila/constanta/,https://carteadeidentitate.gov.ro/ghisee/,2026-09-24
Constanța,Cogealac,SPCLEP Cogealac,local,str. Gării nr. 38,0241769076,0241769076,,,,,,/stare-civila/constanta/,https://carteadeidentitate.gov.ro/ghisee/,2026-09-24
Constanța,Crucea,SPCLEP Crucea,local,Șoseaua Constanței nr. 45,0241874825,0241874825,,,spclep@primaria-crucea.ro,spclep@primaria-crucea.ro,,/stare-civila/constanta/,https://carteadeidentitate.gov.ro/ghisee/,2026-09-24
Constanța,Cumpăna,SPCLEP Cumpăna,local,Șoseaua Constanței nr. 132,0241730002,0241730002,,,spclep@primaria-cumpana.ro,spclep@primaria-cumpana.ro,,/stare-civila/constanta/,https://carteadeidentitate.gov.ro/ghisee/,2026-09-24
Constanța,Topraisar,SPCLEP Topraisar,local,str. Școlii nr. 15,0766759225,0766759225,,,,,,/stare-civila/constanta/,https://carteadeidentitate.gov.ro/ghisee/,2026-09-24
Constanța,Valu Lui Traian,SPCLEP Valu lui Traian,local,Calea Dobrogei nr. 53,0241230521,0241230521,,,evidentapopulatiei@valuluitraian.ro,evidentapopulatiei@valuluitraian.ro,,/stare-civila/constanta/,https://carteadeidentitate.gov.ro/ghisee/,2026-09-24
Covasna,Baraolt,SPCLEP Baraolt,local,str. Kossuth Lajos nr. 162,0267377337,0267377337,,,primaria@primariabaraolt.ro,primaria@primariabaraolt.ro,,/stare-civila/sfantu-gheorghe/,https://carteadeidentitate.gov.ro/ghisee/,2026-09-24
Covasna,Covasna,SPCLEP Covasna,local,str. Piliske nr. 1,0267340001,0267340001,int.32,,spclepcv@primariacovasna.ro,spclepcv@primariacovasna.ro,,/stare-civila/sfantu-gheorghe/,https://carteadeidentitate.gov.ro/ghisee/,2026-09-24
Covasna,Sfântu Gheorghe,SPCLEP Sfântu Gheorghe,local,str. Dózsa György nr. 14,0267312506,0267312506,,,scep@sepsi.ro,scep@sepsi.ro,,/stare-civila/sfantu-gheorghe/,https://carteadeidentitate.gov.ro/ghisee/,2026-09-24
Covasna,Târgu Secuiesc,SPCLEP Târgu Secuiesc,local,"str. Petőfi Sándor nr. 1, etaj 1",0267360830,0267360830,,,evidenta@kezdi.ro,evidenta@kezdi.ro,,/stare-civila/sfantu-gheorghe/,https://carteadeidentitate.gov.ro/ghisee/,2026-09-24
Covasna,Întorsura Buzăului,SPCLEP Întorsura Buzăului,local,str. Mihai Viteazul nr. 173,0267370017,0267370017,,,evidenta.populatiei@intorsura.info,evidenta.populatiei@intorsura.info,,/stare-civila/sfantu-gheorghe/,https://carteadeidentitate.gov.ro/ghisee/,2026-09-24
Covasna,Barcani,SPCLEP Barcani,local,str. Principală nr. 266,0267372525,0267372525,,,ofice@primariabarcani.ro,ofice@primariabarcani.ro,,/stare-civila/sfantu-gheorghe/,https://carteadeidentitate.gov.ro/ghisee/,2026-09-24
Covasna,Ghelința,SPCLEP Ghelința,local,nr. 345,0267345002,0267345002,,,spclep_ghelinta@cv.e-adm.ro,spclep_ghelinta@cv.e-adm.ro,,/stare-civila/sfantu-gheorghe/,https://carteadeidentitate.gov.ro/ghisee/,2026-09-24
Covasna,Ojdula,SPCLEP Ojdula,local,str. Principală nr. 121,0267346602,0267346602,,,evidenta_persoanei@comunaojdula.ro,evidenta_persoanei@comunaojdula.ro,,/stare-civila/sfantu-gheorghe/,https://carteadeidentitate.gov.ro/ghisee/,2026-09-24
Călărași,Călărași,DCEP Călărași,judetean,Prelungirea Independenței nr. 5A,0242311492,0242311492,,,contact@dcep-calarasi.ro,contact@dcep-calarasi.ro,,/stare-civila/calarasi/,https://carteadeidentitate.gov.ro/ghisee/,2026-09-24
Călărași,Budești,SPCLEP Budești,local,str. Gării nr. 19,0727751808,0727751808,,,spclep.primariabudesti@gmail.com,spclep.primariabudesti@gmail.com,"adresa din registru nu apare pe site-ul instituției; acolo instituția publică spclep@primariebudesti.ro și telefonul 0372 727 327 (pagina oficială), verificat la 4 septembrie 2026",/stare-civila/calarasi/,https://carteadeidentitate.gov.ro/ghisee/,2026-09-04
Călărași,Călărași,SPCLEP Călărași,local,str. Progresul nr. 23,0242138308,0242138308,,,office@spclep.primariacalarasi.ro,office@spclep.primariacalarasi.ro,,/stare-civila/calarasi/,https://carteadeidentitate.gov.ro/ghisee/,2026-09-24
Călărași,Fundulea,SPCLEP Fundulea,local,bd. 22 Decembrie nr. 173,0372713587,0372713587,,,spcepfundulea@cl.e-adm.ro,spcepfundulea@cl.e-adm.ro,,/stare-civila/calarasi/,https://carteadeidentitate.gov.ro/ghisee/,2026-09-24
Călărași,Lehliu-Gară,SPCLEP Lehliu-Gară,local,str. Nicolae Titulescu nr. 3,0242640800,0242640800,,,spceplehliugara@cl.e-adm.ro,spceplehliugara@cl.e-adm.ro,,/stare-civila/calarasi/,https://carteadeidentitate.gov.ro/ghisee/,2026-09-24
Călărași,Oltenița,SPCLEP Oltenița,local,bd. Republicii nr. 40,0242510054,0242510054,,,spcepoltenita@cl.e-adm.ro,spcepoltenita@cl.e-adm.ro,,/stare-civila/calarasi/,https://carteadeidentitate.gov.ro/ghisee/,2026-09-24
Dolj,Craiova,DPCJEP Dolj,judetean,Calea Severinului nr. 5A,0351437039,0351437039,,,dpcep_dj@dj.e-adm.ro,dpcep_dj@dj.e-adm.ro,,/stare-civila/craiova/,https://carteadeidentitate.gov.ro/ghisee/,2026-09-24
Dolj,Bechet,SPCLEP Bechet,local,str. A.I. Cuza nr. 100B,0251336997,0251336997,,,,,,/stare-civila/craiova/,https://carteadeidentitate.gov.ro/ghisee/,2026-09-24
Dolj,Băilești,SPCLEP Băileşti,local,str. Prințul Barbu Alexandru Știrbey nr. 13,0251312043,0251312043,,,,,,/stare-civila/craiova/,https://carteadeidentitate.gov.ro/ghisee/,2026-09-24
Dolj,Calafat,SPCLEP Calafat,local,str. Traian nr. 41,0251230946,0251230946,,,,,,/stare-civila/craiova/,https://carteadeidentitate.gov.ro/ghisee/,2026-09-24
Dolj,Craiova,DEP Craiova,local,str. Târgului nr.26,0351451886,0351451886,,,office@spcepcv.ro,office@spcepcv.ro,,/stare-civila/craiova/,https://carteadeidentitate.gov.ro/ghisee/,2026-09-24
Dolj,Dăbuleni,SPCLEP Dăbuleni,local,str. Unirii nr. 15,0251335445,0251335445,,,,,,/stare-civila/craiova/,https://carteadeidentitate.gov.ro/ghisee/,2026-09-24
Dolj,Filiași,SPCLEP Filiaşi,local,bd. Racoteanu nr. 204,0251441959,0251441959,,,,,,/stare-civila/craiova/,https://carteadeidentitate.gov.ro/ghisee/,2026-09-24
Dolj,Segarcea,SPCLEP Segarcea,local,str. Unirii nr. 52,0251210981,0251210981,,,,,,/stare-civila/craiova/,https://carteadeidentitate.gov.ro/ghisee/,2026-09-24
Dolj,Almăj,SPCLEP Almăj,local,str. Ion Gheorghe Pleșa nr. 25,0351449397,0351449397,,,,,,/stare-civila/craiova/,https://carteadeidentitate.gov.ro/ghisee/,2026-09-24
Dolj,Amărăștii de Jos,SPCLEP Amărăştii de Jos,local,nr. 1000,0251374585,0251374585,,,,,,/stare-civila/craiova/,https://carteadeidentitate.gov.ro/ghisee/,2026-09-24
Dolj,Argetoaia,SPCLEP Argetoaia,local,str. C-tin Argetoianu nr. 186,0251452722,0251452722,,,,,,/stare-civila/craiova/,https://carteadeidentitate.gov.ro/ghisee/,2026-09-24
Dolj,Bistreț,SPCLEP Bistreţ,local,nr. 72,0251355180,0251355180,,,,,,/stare-civila/craiova/,https://carteadeidentitate.gov.ro/ghisee/,2026-09-24
Dolj,Bratovoiești,SPCLEP Bratovoieşti,local,"sat Bratovoești, nr. 354A",0730044097,0730044097,,,,,,/stare-civila/craiova/,https://carteadeidentitate.gov.ro/ghisee/,2026-09-24
Dolj,Breasta,SPCLEP Breasta,local,str. Constantin Argetoianu nr. 11,0251455244,0251455244,,,,,,/stare-civila/craiova/,https://carteadeidentitate.gov.ro/ghisee/,2026-09-24
Dolj,Brădești,SPCLEP Brădeşti,local,str. Mihai Viteazul nr. 3,0251444261,0251444261,,,,,,/stare-civila/craiova/,https://carteadeidentitate.gov.ro/ghisee/,2026-09-24
Dolj,Bucovăț,SPCLEP Bucovăţ,local,str. Principală nr. 889,0251360107,0251360107,,,,,,/stare-civila/craiova/,https://carteadeidentitate.gov.ro/ghisee/,2026-09-24
Dolj,Bîrca,SPCLEP Bîrca,local,str. Mihai Viteazu nr. 257,0251356185,0251356185,,,,,,/stare-civila/craiova/,https://carteadeidentitate.gov.ro/ghisee/,2026-09-24
Dolj,Calopăr,SPCLEP Calopăr,local,nr. 572,0251350595,0251350595,,,,,,/stare-civila/craiova/,https://carteadeidentitate.gov.ro/ghisee/,2026-09-24
Dolj,Caraula,SPCLEP Caraula,local,Calea Craiovei nr. 134,0251369511,0251369511,,,,,,/stare-civila/craiova/,https://carteadeidentitate.gov.ro/ghisee/,2026-09-24
Dolj,Celaru,SPCLEP Celaru,local,str. Învățător Marin Georgescu nr. 525,0351419856,0351419856,,,,,,/stare-civila/craiova/,https://carteadeidentitate.gov.ro/ghisee/,2026-09-24
Dolj,Cerăt,SPCLEP Cerăt,local,str. Dunării nr. 33,0251708377,0251708377,,,,,,/stare-civila/craiova/,https://carteadeidentitate.gov.ro/ghisee/,2026-09-24
Dolj,Cetate,SPCLEP Cetate,local,str. Principală nr. 1868,0251364500,0251364500,,,,,,/stare-civila/craiova/,https://carteadeidentitate.gov.ro/ghisee/,2026-09-24
Dolj,Cioroiași,SPCLEP Cioroiaşi,local,str. Principală nr. 36,0251317266,0251317266,,,,,,/stare-civila/craiova/,https://carteadeidentitate.gov.ro/ghisee/,2026-09-24
Dolj,Ciupercenii Noi,SPCLEP Ciupercenii Noi,local,str. Dunării nr. 2,0251321349,0251321349,,,,,,/stare-civila/craiova/,https://carteadeidentitate.gov.ro/ghisee/,2026-09-24
Dolj,Coșoveni,SPCLEP Coşoveni,local,"str. Școlii nr. 12, bl. A1, sc. 1, apt. 1",0351181998,0351181998,,,,,,/stare-civila/craiova/,https://carteadeidentitate.gov.ro/ghisee/,2026-09-24
Dolj,Cârcea,SPCLEP Cârcea,local,str. Aeroportului nr. 124,0251458121,0251458121,,,,,,/stare-civila/craiova/,https://carteadeidentitate.gov.ro/ghisee/,2026-09-24
Dolj,Călărași,SPCLEP Călăraşi,local,str. Petre Baniță nr. 148,0251379052,0251379052,,,,,,/stare-civila/craiova/,https://carteadeidentitate.gov.ro/ghisee/,2026-09-24
Dolj,Daneți,SPCLEP Daneţi,local,str. Principală nr. 160,0251377528,0251377528,,,,,,/stare-civila/craiova/,https://carteadeidentitate.gov.ro/ghisee/,2026-09-24
Dolj,Desa,SPCLEP Desa,local,str. Prințul Obrenovici nr. 30,0251423438,0251423438,,,,,,/stare-civila/craiova/,https://carteadeidentitate.gov.ro/ghisee/,2026-09-24
Dolj,Dobrești,SPCLEP Dobreşti,local,str. Principală nr. 6,0251338030,0251338030,,,,,,/stare-civila/craiova/,https://carteadeidentitate.gov.ro/ghisee/,2026-09-24
Dolj,Drăgotești,SPCLEP Drăgoteşti,local,str. Nicolae Iorga nr. 1,0251456482,0251456482,,,,,,/stare-civila/craiova/,https://carteadeidentitate.gov.ro/ghisee/,2026-09-24
Dolj,Fărcaș,SPCLEP Fărcaş,local,nr. 218,0251440301,0251440301,,,,,,/stare-civila/craiova/,https://carteadeidentitate.gov.ro/ghisee/,2026-09-24
Dolj,Galicea Mare,SPCLEP Galicea Mare,local,str. Poștei nr. 2,0251136219,0251136219,,,,,,/stare-civila/craiova/,https://carteadeidentitate.gov.ro/ghisee/,2026-09-24
Dolj,Ghercești,SPCLEP Gherceşti,local,"sat Ghercești, str. Eroilor nr. 107",0251450580,0251450580,,,,,,/stare-civila/craiova/,https://carteadeidentitate.gov.ro/ghisee/,2026-09-24
Dolj,Ghidici,SPCLEP Ghidici,local,str. Mihai Viteazu nr. 140,0251323331,0251323331,,,,,,/stare-civila/craiova/,https://carteadeidentitate.gov.ro/ghisee/,2026-09-24
Dolj,Gighera,SPCLEP Gighera,local,nr. 184,0251353196,0251353196,,,,,,/stare-civila/craiova/,https://carteadeidentitate.gov.ro/ghisee/,2026-09-24
Dolj,Giubega,SPCLEP Giubega,local,Calea Craiovei nr. 57,0351422715,0351422715,,,,,,/stare-civila/craiova/,https://carteadeidentitate.gov.ro/ghisee/,2026-09-24
Dolj,Goicea,SPCLEP Goicea,local,str. Principală nr. 203,0251256003,0251256003,,,,,,/stare-civila/craiova/,https://carteadeidentitate.gov.ro/ghisee/,2026-09-24
Dolj,Gîngiova,SPCLEP Gîngiova,local,nr. 346,0251351811,0251351811,,,,,,/stare-civila/craiova/,https://carteadeidentitate.gov.ro/ghisee/,2026-09-24
Dolj,Ișalnița,SPCLEP Işalniţa,local,str. Preot Gr. Tolcescu nr. 22,0251448493,0251448493,,,,,,/stare-civila/craiova/,https://carteadeidentitate.gov.ro/ghisee/,2026-09-24
Dolj,Leu,SPCLEP Leu,local,nr. 833,0251373524,0251373524,,,,,,/stare-civila/craiova/,https://carteadeidentitate.gov.ro/ghisee/,2026-09-24
Dolj,Maglavit,SPCLEP Maglavit,local,Calea Severinului nr. 83,0251328040,0251328040,,,,,,/stare-civila/craiova/,https://carteadeidentitate.gov.ro/ghisee/,2026-09-24
Dolj,Malu Mare,SPCLEP Malu Mare,local,"sat Malu Mare, str. Primăriei nr. 7",0351430146,0351430146,,,,,,/stare-civila/craiova/,https://carteadeidentitate.gov.ro/ghisee/,2026-09-24
Dolj,Melinești,SPCLEP Melineşti,local,nr. 58,0251440223,0251440223,,,,,,/stare-civila/craiova/,https://carteadeidentitate.gov.ro/ghisee/,2026-09-24
Dolj,Mischii,SPCLEP Mischii,local,"sat Mischii, str. Eroilor nr. 5",0251450194,0251450194,,,,,,/stare-civila/craiova/,https://carteadeidentitate.gov.ro/ghisee/,2026-09-24
Dolj,Moțăței,SPCLEP Moţăţei,local,nr. 816,0251326137,0251326137,,,,,,/stare-civila/craiova/,https://carteadeidentitate.gov.ro/ghisee/,2026-09-24
Dolj,Murgași,SPCLEP Murgaşi,local,str. Primăriei nr. 1,0251447507,0251447507,,,,,,/stare-civila/craiova/,https://carteadeidentitate.gov.ro/ghisee/,2026-09-24
Dolj,Mârșani,SPCLEP Mârşani,local,str. Principală 241,0251336190,0251336190,,,,,,/stare-civila/craiova/,https://carteadeidentitate.gov.ro/ghisee/,2026-09-24
Dolj,Măceșu de Jos,SPCLEP Măceşu de Jos,local,str. Acad. St. Berceanu nr. 12,0251354530,0251354530,,,,,,/stare-civila/craiova/,https://carteadeidentitate.gov.ro/ghisee/,2026-09-24
Dolj,Măceșu de Sus,SPCLEP Măceşu de Sus,local,str. Principală nr. 169,0251354191,0251354191,,,,,,/stare-civila/craiova/,https://carteadeidentitate.gov.ro/ghisee/,2026-09-24
Dolj,Ostroveni,SPCLEP Ostroveni,local,nr. 234bis,0251337933,0251337933,,,,,,/stare-civila/craiova/,https://carteadeidentitate.gov.ro/ghisee/,2026-09-24
Dolj,Perișor,SPCLEP Perişor,local,nr. 198,0251459895,0251459895,,,,,,/stare-civila/craiova/,https://carteadeidentitate.gov.ro/ghisee/,2026-09-24
Dolj,Pielești,SPCLEP Pieleşti,local,str. Gheorghiță Geolgău nr. 188,0251459601,0251459601,,,,,,/stare-civila/craiova/,https://carteadeidentitate.gov.ro/ghisee/,2026-09-24
Dolj,Piscu Vechi,SPCLEP Piscu Vechi,local,str. Mihai Viteazu nr. 83,0251323086,0251323086,,,,,,/stare-civila/craiova/,https://carteadeidentitate.gov.ro/ghisee/,2026-09-24
Dolj,Plenița,SPCLEP Pleniţa,local,str. Traian nr. 34,0251368745,0251368745,,,,,,/stare-civila/craiova/,https://carteadeidentitate.gov.ro/ghisee/,2026-09-24
Dolj,Pleșoi,SPCLEP Pleşoi,local,str. Principală nr. 62,0251434162,0251434162,,,,,,/stare-civila/craiova/,https://carteadeidentitate.gov.ro/ghisee/,2026-09-24
Dolj,Poiana Mare,SPCLEP Poiana Mare,local,str. Independenței nr. 8-10,0251235200,0251235200,,,,,,/stare-civila/craiova/,https://carteadeidentitate.gov.ro/ghisee/,2026-09-24
Dolj,Predești,SPCLEP Predeşti,local,nr. 40,0251454093,0251454093,,,,,,/stare-civila/craiova/,https://carteadeidentitate.gov.ro/ghisee/,2026-09-24
Dolj,Radovan,SPCLEP Radovan,local,str. Șoseaua Calafatului nr. 29,0251450580,0251450580,,,,,,/stare-civila/craiova/,https://carteadeidentitate.gov.ro/ghisee/,2026-09-24
Dolj,Rast,SPCLEP Rast,local,str. Drumul Băileștilor nr. 1,0761397917,0761397917,,,,,,/stare-civila/craiova/,https://carteadeidentitate.gov.ro/ghisee/,2026-09-24
Dolj,Robănești,SPCLEP Robăneşti,local,"sat Robăneștii de Jos, str. Traian Vuia nr. 96",0251456208,0251456208,,,,,,/stare-civila/craiova/,https://carteadeidentitate.gov.ro/ghisee/,2026-09-24
Dolj,Rojiște,SPCLEP Rojişte,local,str. Principală nr. 117,0251372150,0251372150,,,,,,/stare-civila/craiova/,https://carteadeidentitate.gov.ro/ghisee/,2026-09-24
Dolj,Sadova,SPCLEP Sadova,local,nr. 1315,0251376588,0251376588,,,,,,/stare-civila/craiova/,https://carteadeidentitate.gov.ro/ghisee/,2026-09-24
Dolj,Secu,SPCLEP Secu,local,str. Principală nr. 200,0351431252,0351431252,,,,,,/stare-civila/craiova/,https://carteadeidentitate.gov.ro/ghisee/,2026-09-24
Dolj,Sălcuța,SPCLEP Sălcuţa,local,str. A.I. Cuza nr. 122,0251363005,0251363005,,,,,,/stare-civila/craiova/,https://carteadeidentitate.gov.ro/ghisee/,2026-09-24
Dolj,Teasc,SPCLEP Teasc,local,str. Bechetului nr. 197,0251370728,0251370728,,,,,,/stare-civila/craiova/,https://carteadeidentitate.gov.ro/ghisee/,2026-09-24
Dolj,Urzicuța,SPCLEP Urzicuţa,local,Calea Craiovei nr. 40,0251317577,0251317577,,,,,,/stare-civila/craiova/,https://carteadeidentitate.gov.ro/ghisee/,2026-09-24
Dolj,Valea Stanciului,SPCLEP Valea Stanciului,local,str. Arhitect Cezar Lăzărescu nr. 42,0251319804,0251319804,,,,,,/stare-civila/craiova/,https://carteadeidentitate.gov.ro/ghisee/,2026-09-24
Dolj,Întorsura,SPCLEP Întorsura,local,str. Podișorului nr. 70,0251359289,0251359289,,,,,,/stare-civila/craiova/,https://carteadeidentitate.gov.ro/ghisee/,2026-09-24
Dolj,Șimnicu de Sus,SPCLEP Şimnicu de Sus,local,"sat Dudovicești, str. Craiova nr. 10",0767116243,0767116243,,,,,,/stare-civila/craiova/,https://carteadeidentitate.gov.ro/ghisee/,2026-09-24
Dolj,Țuglui,SPCLEP Ţuglui,local,"sat Țuglui, nr. 821",0251350205,0251350205,,,,,,/stare-civila/craiova/,https://carteadeidentitate.gov.ro/ghisee/,2026-09-24
Dâmbovița,Târgoviște,DPCEP Dâmbovița,judetean,str. Mircea cel Bătrân nr. 12,0245640660,0245640660,,,dpcep@cjd.ro,dpcep@cjd.ro,,/stare-civila/targoviste/,https://carteadeidentitate.gov.ro/ghisee/,2026-09-24
Dâmbovița,Fieni,SPCLEP Fieni,local,str. Ing. Aurel Rainu nr. 67,0245774071,0245774071,int.209,,,,,/stare-civila/targoviste/,https://carteadeidentitate.gov.ro/ghisee/,2026-09-24
Dâmbovița,Găești,SPCLEP Găești,local,str. 13 Decembrie nr. 102A,0245712787,0245712787,,,,,,/stare-civila/targoviste/,https://carteadeidentitate.gov.ro/ghisee/,2026-09-24
Dâmbovița,Moreni,SPCLEP Moreni,local,str. 22 Decembrie 1989 nr. 8A,0245667552,0245667552,,,contact@primariamoreni.ro,contact@primariamoreni.ro,,/stare-civila/targoviste/,https://carteadeidentitate.gov.ro/ghisee/,2026-09-24
Dâmbovița,Pucioasa,SPCLEP Pucioasa,local,str. Fântânilor nr. 7,0245230487,0245230487,,,info@primpuc.ro,info@primpuc.ro,,/stare-civila/targoviste/,https://carteadeidentitate.gov.ro/ghisee/,2026-09-24
Dâmbovița,Răcari,BPCEP Răcari,local,str. Ana Ipătescu nr. 155,0245658611,0245658611,int. 220,,contact@primariaracari.ro,contact@primariaracari.ro,,/stare-civila/targoviste/,https://carteadeidentitate.gov.ro/ghisee/,2026-09-24
Dâmbovița,Titu,SPCLEP Titu,local,str. P.N. Grigorescu nr. 1,0245651208,0245651208,,,,,,/stare-civila/targoviste/,https://carteadeidentitate.gov.ro/ghisee/,2026-09-24
Dâmbovița,Târgoviște,SPCEP Târgoviște,local,bd. Unirii nr. 24-26,0245212418,0245212418,,,spclep@primariatargoviste.ro,spclep@primariatargoviste.ro,,/stare-civila/targoviste/,https://carteadeidentitate.gov.ro/ghisee/,2026-09-24
Dâmbovița,Cojasca,SPCLEP Cojasca,local,str. Principală nr. 277,0245671565,0245671565,,,,,,/stare-civila/targoviste/,https://carteadeidentitate.gov.ro/ghisee/,2026-09-24
Dâmbovița,Cornești,SPCLEP Cornești,local,str. Stadionului nr. 4,0786122133,0786122133,,,,,,/stare-civila/targoviste/,https://carteadeidentitate.gov.ro/ghisee/,2026-09-24
Dâmbovița,Dragomirești,SPCLEP Dragomirești,local,"sat Dragomirești, str. Principală nr. 136",0245236037,0245236037,,,primaria@dragomirestidambovita.ro,primaria@dragomirestidambovita.ro,,/stare-civila/targoviste/,https://carteadeidentitate.gov.ro/ghisee/,2026-09-24
Dâmbovița,Niculești,SPCLEP Niculești,local,"sat Niculești, nr. 265A",,,,,spclep@niculesti.ro,spclep@niculesti.ro,„212670606” — numărul apare incomplet sau cu cifre în plus în registrul oficial; verifică-l pe pagina instituției,/stare-civila/targoviste/,https://carteadeidentitate.gov.ro/ghisee/,2026-09-24
Dâmbovița,Ocnița,SPCLEP Ocnița,local,"sat Ocnița, str. Primăverii nr. 9A",0245681021,0245681021,,,spclepocnita@primariaocnita.ro,spclepocnita@primariaocnita.ro,,/stare-civila/targoviste/,https://carteadeidentitate.gov.ro/ghisee/,2026-09-24
Dâmbovița,Petrești,SPCLEP Petrești,local,"sat Petrești, str. Principală nr. 1",0245730084,0245730084,,,primariapetresti@primariapetresti.ro,primariapetresti@primariapetresti.ro,,/stare-civila/targoviste/,https://carteadeidentitate.gov.ro/ghisee/,2026-09-24
Dâmbovița,Potlogi,SPCLEP Potlogi,local,str. Constantin Brâncoveanu nr. 66B,0732100114,0732100114; 0784294321,,,primaria.potlogi@db.e-adm.ro,primaria.potlogi@db.e-adm.ro,,/stare-civila/targoviste/,https://carteadeidentitate.gov.ro/ghisee/,2026-09-24
Dâmbovița,Voinești,SPCEP Voinești,local,"sat Voinești, str. Principală nr. 145",0254679324,0254679324,,,consiliullocalvoinesti@yahoo.com,consiliullocalvoinesti@yahoo.com,"0254 679 324 — prefix de Hunedoara, nu de Dâmbovița; așa apare în registrul oficial | adresa din registru nu apare pe site-ul instituției; acolo instituția nu publică nicio adresă de e-mail, ci doar telefonul 0245 679 324 (pagina oficială), verificat la 4 septembrie 2026",/stare-civila/targoviste/,https://carteadeidentitate.gov.ro/ghisee/,2026-09-04
Dâmbovița,Vulcana-Băi,SPCLEP Vulcana-Băi,local,str. Vlad Țepeș nr. 18,0245230899,0245230899,,,evidenta-persoanelor@vulcanabai.ro,evidenta-persoanelor@vulcanabai.ro,,/stare-civila/targoviste/,https://carteadeidentitate.gov.ro/ghisee/,2026-09-24
Galați,Galați,DJEP GALAȚI,judetean,str. Alexandru Ioan Cuza nr. 47 bis,0336401866,0336401866,,,spcjep_galati@yahoo.com,spcjep_galati@yahoo.com,"adresa din registru nu apare pe site-ul instituției; acolo instituția publică contact@evidentagalati.ro și telefonul 0336 401 866 (pagina oficială), verificat la 4 septembrie 2026",/stare-civila/galati/,https://carteadeidentitate.gov.ro/ghisee/,2026-09-04
Galați,Berești,SPCLEP BEREȘTI,local,str. Trandafirilor nr. 28,0236341415,0236341415,,,beresti@gl.e-adm.ro,beresti@gl.e-adm.ro,,/stare-civila/galati/,https://carteadeidentitate.gov.ro/ghisee/,2026-09-24
Galați,Galați,SPCLEP GALAȚI,local,str. Domnească nr. 102,0725052525,0725052525,,,spclep@primariagalati.ro,spclep@primariagalati.ro,,/stare-civila/galati/,https://carteadeidentitate.gov.ro/ghisee/,2026-09-24
Galați,Tecuci,SPCLEP TECUCI,local,str. Elena Doamna nr. 1,0236817444,0236817444,,,evidenta_populatiei@mun.tecuci.ro,evidenta_populatiei@mun.tecuci.ro,,/stare-civila/galati/,https://carteadeidentitate.gov.ro/ghisee/,2026-09-24
Galați,Târgu Bujor,SPCLEP TÂRGU BUJOR,local,str. General Eremia Grigorescu nr. 28,0236340803,0236340803,,,tgbujorevpopulatie@yahoo.com,tgbujorevpopulatie@yahoo.com,"adresa din registru nu apare pe site-ul instituției; acolo instituția publică primariatgbujor@yahoo.com și telefonul 0236 340 803 (pagina oficială), verificat la 4 septembrie 2026",/stare-civila/galati/,https://carteadeidentitate.gov.ro/ghisee/,2026-09-04
Galați,Corod,SPCLEP COROD,local,str. Ștefan cel Mare nr. 258,0760189706,0760189706,,,corod@gl.e-adm.ro,corod@gl.e-adm.ro,,/stare-civila/galati/,https://carteadeidentitate.gov.ro/ghisee/,2026-09-24
Galați,Cudalbi,SPCLEP CUDALBI,local,str. Ștefan cel Mare nr. 196,0236862111,0236862111,,,spclep@comunacudalbi.ro,spclep@comunacudalbi.ro,,/stare-civila/galati/,https://carteadeidentitate.gov.ro/ghisee/,2026-09-24
Galați,Fârțănești,SPCLEP FÂRȚĂNEȘTI,local,str. Ștefan cel Mare nr. 34A,0733065313,0733065313,,,spclepfartanesti@yahoo.com,spclepfartanesti@yahoo.com,,/stare-civila/galati/,https://carteadeidentitate.gov.ro/ghisee/,2026-09-24
Galați,Ivești,SPCLEP IVEȘTI,local,str. General Eremia Grigorescu nr. 464,0236834700,0236834700,,,ivesti@gl.e-adm.ro,ivesti@gl.e-adm.ro,,/stare-civila/galati/,https://carteadeidentitate.gov.ro/ghisee/,2026-09-24
Galați,Liești,SPCLEP LIEȘTI,local,str. Anghel Saligny nr. 280,0236860717,0236860717,,,liesti@gl.e-adm.ro,liesti@gl.e-adm.ro,,/stare-civila/galati/,https://carteadeidentitate.gov.ro/ghisee/,2026-09-24
Galați,Nicorești,SPCLEP NICOREȘTI,local,str. Anton Cincu nr. 95,0236836646,0236836646,,,spclep@primarianicoresti.ro,spclep@primarianicoresti.ro,,/stare-civila/galati/,https://carteadeidentitate.gov.ro/ghisee/,2026-09-24
Galați,Pechea,SPCLEP PECHEA,local,str. Galați nr. 181,0236823507,0236823507,,,pechea@gl.e-adm.ro,pechea@gl.e-adm.ro,,/stare-civila/galati/,https://carteadeidentitate.gov.ro/ghisee/,2026-09-24
Galați,Scânteiești,SPCLEP SCÂNTEIEȘTI,local,str. Unirii nr. 16,0236348007,0236348007,,,scinteiesti@gl.e-adm.ro,scinteiesti@gl.e-adm.ro,,/stare-civila/galati/,https://carteadeidentitate.gov.ro/ghisee/,2026-09-24
Galați,Țepu,SPCLEP ȚEPU,local,str. Ștefan cel Mare nr. 204,0723340145,0723340145,,,tepu@gl.e-adm.ro,tepu@gl.e-adm.ro,,/stare-civila/galati/,https://carteadeidentitate.gov.ro/ghisee/,2026-09-24
Giurgiu,Giurgiu,SPCJEP Giurgiu,judetean,str. Călugăreni nr. 26,0246214779,0246214779; 0246214210,,,office@djepgr.eu,office@djepgr.eu,,/stare-civila/giurgiu/,https://carteadeidentitate.gov.ro/ghisee/,2026-09-24
Giurgiu,Bolintin-Vale,SPCLEP Bolintin-Vale,local,str. Grădiniței F.N.,0246270769,0246270769,,,,,"registrul publică pentru acest ghișeu o adresă de e-mail nominală, a unei persoane, nu a serviciului; nu o reproducem aici — folosiți telefonul de mai sus sau adresa oficială a primăriei",/stare-civila/giurgiu/,https://carteadeidentitate.gov.ro/ghisee/,2026-09-24
Giurgiu,Giurgiu,DEP Giurgiu,local,str. 1 Decembrie 1918 nr. 60,0246211883,0246211883; 0246211627; 0246215631,,,evidentapersoanei@primariagiurgiu.ro,evidentapersoanei@primariagiurgiu.ro,,/stare-civila/giurgiu/,https://carteadeidentitate.gov.ro/ghisee/,2026-09-24
Giurgiu,Mihăilești,SPCLEP Mihăilești,local,str. Calea București nr. 140,0246278702,0246278702,,,primmiha_gr@yahoo.com,primmiha_gr@yahoo.com,"adresa din registru nu apare pe site-ul instituției; acolo instituția publică secretariat@primariamihailesti.ro și telefonul 0246 278 004 (pagina oficială), verificat la 4 septembrie 2026",/stare-civila/giurgiu/,https://carteadeidentitate.gov.ro/ghisee/,2026-09-04
Giurgiu,Bolintin-Deal,SPCLEP Bolintin-Deal,local,bd. Republicii nr. 26,0246273074,0246273074,,,evidentapersoanelor@prmariabolintindeal.ro,evidentapersoanelor@prmariabolintindeal.ro,,/stare-civila/giurgiu/,https://carteadeidentitate.gov.ro/ghisee/,2026-09-24
Giurgiu,Comana,SPCLEP Comana,local,str. Șerban Cantacuzino nr. 50,0246283090,0246283090,,,comanaspclep@yahoo.com,comanaspclep@yahoo.com,"adresa din registru nu apare pe site-ul instituției; acolo instituția publică comana.primaria@yahoo.com și telefonul 0246 283 090 (pagina oficială), verificat la 4 septembrie 2026",/stare-civila/giurgiu/,https://carteadeidentitate.gov.ro/ghisee/,2026-09-04
Giurgiu,Călugăreni,SPCLEP Călugăreni,local,șos. București-Giurgiu nr. 249,0246708909,0246708909,,,spclep@primariacalugareni.ro,spclep@primariacalugareni.ro,,/stare-civila/giurgiu/,https://carteadeidentitate.gov.ro/ghisee/,2026-09-24
Giurgiu,Florești-Stoenești,SPCLEP Florești-Stoenești,local,str. 1 Decembrie 1918 nr. 98,0346801763,0346801763,,,starecivila@floresti-stoenesti.ro,starecivila@floresti-stoenesti.ro,,/stare-civila/giurgiu/,https://carteadeidentitate.gov.ro/ghisee/,2026-09-24
Giurgiu,Hotarele,SPCLEP Hotarele,local,str. Bucovina nr. 2,0246247328,0246247328,,,primariahotarele@gmail.com,primariahotarele@gmail.com,,/stare-civila/giurgiu/,https://carteadeidentitate.gov.ro/ghisee/,2026-09-24
Giurgiu,Izvoarele,SPCLEP Izvoarele,local,Drumul Poștii nr. 4 BIS,0770643100,0770643100,,,primariaizvoarele@yahoo.com,primariaizvoarele@yahoo.com,,/stare-civila/giurgiu/,https://carteadeidentitate.gov.ro/ghisee/,2026-09-24
Giurgiu,Joița,SPCLEP Joița,local,"sat Joița, Calea București, nr. 21",0727757553,0727757553,,,spclep.joita@gmail.com,spclep.joita@gmail.com,,/stare-civila/giurgiu/,https://carteadeidentitate.gov.ro/ghisee/,2026-09-24
Giurgiu,Roata de Jos,SPCLEP Roata de Jos,local,str. Republicii nr. 65,0766696343,0766696343,,,cl_roatadejos@yahoo.com,cl_roatadejos@yahoo.com,,/stare-civila/giurgiu/,https://carteadeidentitate.gov.ro/ghisee/,2026-09-24
Gorj,Bumbești-Jiu,SPCLEP Bumbești-Jiu,local,str. Parângului nr. 101,0253463618,0253463618,,,,,,/stare-civila/targu-jiu/,https://carteadeidentitate.gov.ro/ghisee/,2026-09-24
Gorj,Motru,SPCLEP Motru,local,str. Macului nr. 36,0253410640,0253410640,,,primaria@primariamotru.ro,primaria@primariamotru.ro,,/stare-civila/targu-jiu/,https://carteadeidentitate.gov.ro/ghisee/,2026-09-24
Gorj,Novaci,SPCLEP Novaci,local,str. Eroilor nr. 1,0253466591,0253466591,,,spclep_novaci@gj.e-adm.ro,spclep_novaci@gj.e-adm.ro,,/stare-civila/targu-jiu/,https://carteadeidentitate.gov.ro/ghisee/,2026-09-24
Gorj,Rovinari,SPCLEP Rovinari,local,"str. Prieteniei nr. 7, bl. A1",0253371529,0253371529,,,,,,/stare-civila/targu-jiu/,https://carteadeidentitate.gov.ro/ghisee/,2026-09-24
Gorj,Tismana,SPCLEP Tismana,local,str. Brutăriei nr. 4,0752310216,0752310216,,,registratura@primariatismana.ro,registratura@primariatismana.ro,,/stare-civila/targu-jiu/,https://carteadeidentitate.gov.ro/ghisee/,2026-09-24
Gorj,Turceni,SPCLEP Turceni,local,str. Sf. Nicolae nr. 177,0253335008,0253335008,,,spclep_turceni@gj.e-adm.ro,spclep_turceni@gj.e-adm.ro,,/stare-civila/targu-jiu/,https://carteadeidentitate.gov.ro/ghisee/,2026-09-24
Gorj,Târgu Cărbunești,SPCLEP Târgu Cărbunești,local,str. Trandafirilor nr. 41,0253378092,0253378092,,,tgcarbunesti@gj.e-adm.ro,tgcarbunesti@gj.e-adm.ro,,/stare-civila/targu-jiu/,https://carteadeidentitate.gov.ro/ghisee/,2026-09-24
Gorj,Târgu Jiu,DEP Târgu Jiu,local,str. Iosif Keber nr. 1,0371502412,0371502412; 0253218033,,,dpclep@targujiu.ro,dpclep@targujiu.ro,,/stare-civila/targu-jiu/,https://carteadeidentitate.gov.ro/ghisee/,2026-09-24
Gorj,Țicleni,SPCLEP Țicleni,local,str. Stadionului nr. 12,0253234456,0253234456,,,,,,/stare-civila/targu-jiu/,https://carteadeidentitate.gov.ro/ghisee/,2026-09-24
Gorj,Bustuchin,SPCLEP Bustuchin,local,"sat Bustuchin, str. Principală nr. 66",0253475125,0253475125,,,bustuchin@gj.e-adm.ro,bustuchin@gj.e-adm.ro,,/stare-civila/targu-jiu/,https://carteadeidentitate.gov.ro/ghisee/,2026-09-24
Gorj,Bălești,SPCLEP Bălești,local,"sat Bălești, str. Principală nr. 173",0353100108,0353100108,,,balesti@gj.e-adm.ro,balesti@gj.e-adm.ro,,/stare-civila/targu-jiu/,https://carteadeidentitate.gov.ro/ghisee/,2026-09-24
Gorj,Drăguțești,SPCLEP Drăguțești,local,"sat Drăguțești, str. Principală nr. 240B",0253227518,0253227518,,,dragutesti@gj.e-adm.ro,dragutesti@gj.e-adm.ro,,/stare-civila/targu-jiu/,https://carteadeidentitate.gov.ro/ghisee/,2026-09-24
Gorj,Dănești,SPCLEP Dănești,local,sat Dănești,0767071361,0767071361,,,primar@comunadanesti.ro,primar@comunadanesti.ro,,/stare-civila/targu-jiu/,https://carteadeidentitate.gov.ro/ghisee/,2026-09-24
Gorj,Hurezani,SPCLEP Hurezani,local,"sat Hurezani, str. Principală nr. 79A",0253231213,0253231213,,,primariahurezani@yahoo.com,primariahurezani@yahoo.com,"adresa din registru nu apare pe site-ul instituției; acolo instituția publică hurezani@gj.e-adm.ro și telefonul 0253 231 213 (pagina oficială), verificat la 4 septembrie 2026",/stare-civila/targu-jiu/,https://carteadeidentitate.gov.ro/ghisee/,2026-09-04
Gorj,Polovragi,SPCLEP Polovragi,local,"sat Polovragi, str. Drumul lui Burebista nr. 128",0253476711,0253476711,,,polovragi@gj.e-adm.ro,polovragi@gj.e-adm.ro,,/stare-civila/targu-jiu/,https://carteadeidentitate.gov.ro/ghisee/,2026-09-24
Gorj,Runcu,SPCLEP Runcu,local,"sat Runcu, str. Parcului nr. 4",0253223333,0253223333,,,,,,/stare-civila/targu-jiu/,https://carteadeidentitate.gov.ro/ghisee/,2026-09-24
Gorj,Scoarța,SPCLEP Scoarța,local,"sat Scoarța, str. Principală nr. 83, corp B, etaj 1",0253280000,0253280000,,,scoarta@gj.e-adm.ro,scoarta@gj.e-adm.ro,,/stare-civila/targu-jiu/,https://carteadeidentitate.gov.ro/ghisee/,2026-09-24
Gorj,Turburea,SPCLEP Turburea,local,str. Gării nr. 254,0253472412,0253472412,,,primaria_turburea@yohoo.com,primaria_turburea@yohoo.com,,/stare-civila/targu-jiu/,https://carteadeidentitate.gov.ro/ghisee/,2026-09-24
Gorj,Țânțăreni,SPCLEP Țânțăreni,local,"sat Țânțăreni, str. Tudor Vladimirescu nr. 123",0253473053,0253473053,,,primariatintareni@yahoo.com,primariatintareni@yahoo.com,"adresa din registru nu apare pe site-ul instituției; acolo instituția publică tintareni@gj.e-adm.ro și telefonul 0253 473 109 (pagina oficială), verificat la 4 septembrie 2026",/stare-civila/targu-jiu/,https://carteadeidentitate.gov.ro/ghisee/,2026-09-04
Harghita,Bălan,SPCLEP Balan,local,"str. 1 Decembrie, bl. 29, ap. 3-4",0266330335,0266330335; 0266330325,,,spclepbalan@hr.e-adm.ro,spclepbalan@hr.e-adm.ro,,/stare-civila/miercurea-ciuc/,https://carteadeidentitate.gov.ro/ghisee/,2026-09-24
Harghita,Cristuru Secuiesc,SPCLEP Cristuru Secuiesc,local,"Piața Libertății nr. 27, cam. 12",0266243133,0266243133; 0738693010,,,,,,/stare-civila/miercurea-ciuc/,https://carteadeidentitate.gov.ro/ghisee/,2026-09-24
Harghita,Gheorgheni,SPCLEP Gheorgheni,local,str. Carpați nr. 8,0266364817,0266364817,,,evidenta-persoanei@gheorgheni.ro,evidenta-persoanei@gheorgheni.ro,,/stare-civila/miercurea-ciuc/,https://carteadeidentitate.gov.ro/ghisee/,2026-09-24
Harghita,Miercurea Ciuc,SPCLEP Miercurea Ciuc,local,str. Mihail Sadoveanu nr. 4,0266315120,0266315120,,,,,,/stare-civila/miercurea-ciuc/,https://carteadeidentitate.gov.ro/ghisee/,2026-09-24
Harghita,Odorheiu Secuiesc,SPCLEP Odorheiu Secuiesc,local,str. Bethlen Gabor nr. 43,0266218401,0266218401; 0266218227,,,spclep@udvarhely.ro,spclep@udvarhely.ro,,/stare-civila/miercurea-ciuc/,https://carteadeidentitate.gov.ro/ghisee/,2026-09-24
Harghita,Toplița,SPCLEP Toplita,local,"str. Nicolae Bălcescu nr. 14, cam. 9",0266343311,0266343311,,,spclep@primariatoplita.ro,spclep@primariatoplita.ro,,/stare-civila/miercurea-ciuc/,https://carteadeidentitate.gov.ro/ghisee/,2026-09-24
Harghita,Vlăhița,SPCLEP Vlăhița,local,str. Turnătorilor nr. 20,0266246634,0266246634; 0266246635,,,spclep@primariavlahita.ro,spclep@primariavlahita.ro,,/stare-civila/miercurea-ciuc/,https://carteadeidentitate.gov.ro/ghisee/,2026-09-24
Harghita,Zetea,SPCLEP Zetea,local,"sat Zetea, str. Sebestyén Mózes nr. 7",0266241112,0266241112,,,spclepzetea@hr.e-adm.ro,spclepzetea@hr.e-adm.ro,,/stare-civila/miercurea-ciuc/,https://carteadeidentitate.gov.ro/ghisee/,2026-09-24
Hunedoara,Deva,DJEP Hunedoara,judetean,"bd. Decebal, bl. P, parter",0254232510,0254232510,,,dpcep@evidentahunedoara.ro,dpcep@evidentahunedoara.ro,,/stare-civila/deva/,https://carteadeidentitate.gov.ro/ghisee/,2026-09-24
Hunedoara,Aninoasa,SPCLEP Aninoasa,local,str. Libertății nr. 85,0254512108,0254512108,,,primariaaninoasa@yahoo.com,primariaaninoasa@yahoo.com,,/stare-civila/deva/,https://carteadeidentitate.gov.ro/ghisee/,2026-09-24
Hunedoara,Brad,SPCLEP Brad,local,str. Independenței nr. 2,0254610344,0254610344,,,spclep.brad@hd.e-adm.ro,spclep.brad@hd.e-adm.ro,,/stare-civila/deva/,https://carteadeidentitate.gov.ro/ghisee/,2026-09-24
Hunedoara,Călan,SPCLEP Călan,local,"str. Independenței, bl. 9",0254730489,0254730489,,,spclep.calan@yahoo.com,spclep.calan@yahoo.com,"adresa din registru nu apare pe site-ul instituției; acolo instituția publică spclep@primariacalan.ro și telefonul 0254 730 489 (pagina oficială), verificat la 4 septembrie 2026",/stare-civila/deva/,https://carteadeidentitate.gov.ro/ghisee/,2026-09-04
Hunedoara,Deva,SPCLEP Deva,local,bd. 1 Decembrie 1918 nr. 12,0254234533,0254234533,,,evidentapersoanelor@primariadeva.ro,evidentapersoanelor@primariadeva.ro,,/stare-civila/deva/,https://carteadeidentitate.gov.ro/ghisee/,2026-09-24
Hunedoara,Geoagiu,SPCLEP Geoagiu,local,Calea Romanilor nr. 141,0254248880,0254248880,,,spclep@geoagiu.ro,spclep@geoagiu.ro,,/stare-civila/deva/,https://carteadeidentitate.gov.ro/ghisee/,2026-09-24
Hunedoara,Hațeg,SPCLEP Hațeg,local,Piața Unirii nr. 6,0254770790,0254770790,,,evidentapersoanelor@primariehateg.ro,evidentapersoanelor@primariehateg.ro,,/stare-civila/deva/,https://carteadeidentitate.gov.ro/ghisee/,2026-09-24
Hunedoara,Hunedoara,SPCLEP Hunedoara,local,str. I.L. Caragiale nr. 13,0254713377,0254713377,,,spclep.hunedoara@yahoo.com,spclep.hunedoara@yahoo.com,,/stare-civila/deva/,https://carteadeidentitate.gov.ro/ghisee/,2026-09-24
Hunedoara,Lupeni,SPCLEP Lupeni,local,"Aleea Liliacului nr. 8, etaj 1",0254562950,0254562950,,,evidentapersoanleor@e-lupeni.ro,evidentapersoanleor@e-lupeni.ro,,/stare-civila/deva/,https://carteadeidentitate.gov.ro/ghisee/,2026-09-24
Hunedoara,Orăștie,SPCLEP Orăștie,local,Piața Aurel Vlaicu nr. 3,0254244344,0254244344,,,primaria@orastie.info.ro,primaria@orastie.info.ro,,/stare-civila/deva/,https://carteadeidentitate.gov.ro/ghisee/,2026-09-24
Hunedoara,Petrila,SPCLEP Petrila,local,str. Republicii nr. 196,0354407675,0354407675,,,spclep.petrila@yahoo.com,spclep.petrila@yahoo.com,"adresa din registru nu apare în lista publicată de Direcția Județeană de Evidență a Persoanelor Hunedoara; acolo serviciul publică primaria.petrila2008@yahoo.com și telefonul 0254 550 765 (lista oficială), verificat la 4 septembrie 2026",/stare-civila/deva/,https://carteadeidentitate.gov.ro/ghisee/,2026-09-04
Hunedoara,Petroșani,SPCLEP Petroșani,local,str. Nicolae Bălcescu nr. 4,0254542620,0254542620,,,spclep@primariapetrosani.ro,spclep@primariapetrosani.ro,,/stare-civila/deva/,https://carteadeidentitate.gov.ro/ghisee/,2026-09-24
Hunedoara,Simeria,SPCLEP Simeria,local,str. Cloșca nr. 17,0254263628,0254263628,,,spclep@primariasimeria.ro,spclep@primariasimeria.ro,,/stare-civila/deva/,https://carteadeidentitate.gov.ro/ghisee/,2026-09-24
Hunedoara,Uricani,SPCLEP Uricani,local,str. 1 Mai nr. 6,0254511030,0254511030,,,primaria.uricani@hd.e-adm.ro,primaria.uricani@hd.e-adm.ro,,/stare-civila/deva/,https://carteadeidentitate.gov.ro/ghisee/,2026-09-24
Hunedoara,Vulcan,SPCLEP Vulcan,local,bd. Mihai Viteazu nr. 31,0254570340,0254570340,int.240,,spclep.vulcan@hd.e-adm.ro,spclep.vulcan@hd.e-adm.ro,,/stare-civila/deva/,https://carteadeidentitate.gov.ro/ghisee/,2026-09-24
Hunedoara,Ilia,SPCLEP Ilia,local,str. Libertății nr. 56,0254282716,0254282716,,,primaria.ilia@yahoo.com,primaria.ilia@yahoo.com,"adresa din registru nu apare pe site-ul instituției; acolo instituția publică contact@primariailia.ro și telefonul 0254 282 716 (pagina oficială), verificat la 4 septembrie 2026",/stare-civila/deva/,https://carteadeidentitate.gov.ro/ghisee/,2026-09-04
Ialomița,Slobozia,DJEP Ialomița,judetean,bd. Chimiei nr. 13,0243235117,0243235117; 0243235119,,,djepil@gmail.com,djepil@gmail.com,,/stare-civila/slobozia/,https://carteadeidentitate.gov.ro/ghisee/,2026-09-24
Ialomița,Căzănești,SPCLEP Căzănești,local,str. Aleea Parcului nr. 3,0243264010,0243264010; 0243264397,,,spclep@primariacazanestiil.ro,spclep@primariacazanestiil.ro,,/stare-civila/slobozia/,https://carteadeidentitate.gov.ro/ghisee/,2026-09-24
Ialomița,Fetești,SPCLEP Fetești,local,"str. Călărași nr. 595, bl. CF3, sc. A",0243361133,0243361133,,,spclep@primariafetesti.ro,spclep@primariafetesti.ro,,/stare-civila/slobozia/,https://carteadeidentitate.gov.ro/ghisee/,2026-09-24
Ialomița,Fierbinți-Târg,SPCLEP Fierbinți-Târg,local,str. Calea București nr. 16,0243280038,0243280038,,,spclepfierbinti@gmail.com,spclepfierbinti@gmail.com,"adresa din registru nu apare pe site-ul instituției; acolo instituția publică primariafierbinti@yahoo.com și telefonul 0243 280 038 (pagina oficială), verificat la 4 septembrie 2026",/stare-civila/slobozia/,https://carteadeidentitate.gov.ro/ghisee/,2026-09-04
Ialomița,Slobozia,DEP Slobozia,local,"bd. Cosminului nr. 2, bl. I7",0243233790,0243233790,,,dep@mun.slobozia.ro,dep@mun.slobozia.ro; slobozia@il.e-adm.ro,,/stare-civila/slobozia/,https://carteadeidentitate.gov.ro/ghisee/,2026-09-24
Ialomița,Urziceni,SPCLEP Urziceni,local,str. Calea București nr. 104,0243256088,0243256088,,,evidenta@primaria-urziceni.ro,evidenta@primaria-urziceni.ro,,/stare-civila/slobozia/,https://carteadeidentitate.gov.ro/ghisee/,2026-09-24
Ialomița,Țăndărei,SPCLEP Țăndărei,local,șos. București nr. 190,0243273553,0243273553,,,,,,/stare-civila/slobozia/,https://carteadeidentitate.gov.ro/ghisee/,2026-09-24
Iași,Iași,DJEP Iași,judetean,șos. Bucium nr. 80,0232277201,0232277201,,0232277200,contact@djep-iasi.ro,contact@djep-iasi.ro,,/stare-civila/iasi/,https://carteadeidentitate.gov.ro/ghisee/,2026-09-24
Iași,Hârlău,SPCLEP Hârlău,local,str. Primăverii nr. 2,0232720347,0232720347,,0232720347,primariahirau@yahoo.com,primariahirau@yahoo.com; spclep@primaria-hirlau.ro,"adresa din registru pare scrisă greșit: instituția publică primariahirlau@yahoo.com (lipsește un „l”), deci corespondența trimisă la adresa din registru nu ajunge la ea (pagina oficială), verificat la 4 septembrie 2026",/stare-civila/iasi/,https://carteadeidentitate.gov.ro/ghisee/,2026-09-04
Iași,Iași,SPCLEP Iași,local,"bd. T. Vladimirescu, Iulius Mall, etaj 2",0232277201,0232277201,,0232277200,contact@djep-iasi.ro,contact@djep-iasi.ro,,/stare-civila/iasi/,https://carteadeidentitate.gov.ro/ghisee/,2026-09-24
Iași,Pașcani,SPCLEP Pașcani,local,str. Ștefan cel Mare nr. 7,0332402989,0332402989,,0332402990,evp@primariapascani.ro,evp@primariapascani.ro,,/stare-civila/iasi/,https://carteadeidentitate.gov.ro/ghisee/,2026-09-24
Iași,Podu Iloaiei,SPCLEP Podu Iloaiei,local,str. Națională nr. 53,0232740505,0232740505,,0232740505,podu_iloaiei@yahoo.com,podu_iloaiei@yahoo.com,"adresa din registru nu apare pe site-ul instituției; acolo instituția publică primaria@oraspoduiloaiei.ro și telefonul 0232 740 656 (pagina oficială), verificat la 4 septembrie 2026",/stare-civila/iasi/,https://carteadeidentitate.gov.ro/ghisee/,2026-09-04
Iași,Târgu Frumos,SPCLEP Târgu Frumos,local,"str. Petru Rareș, bl. 8, mezanin",0232766506,0232766506,,,evidentapopulatiei@primariatgfrumos.ro,evidentapopulatiei@primariatgfrumos.ro,,/stare-civila/iasi/,https://carteadeidentitate.gov.ro/ghisee/,2026-09-24
Iași,Butea,SPCLEP Butea,local,str. Alexandru Ioan Cuza nr. 31,0232713020,0232713020,,,primariacomunabutea@yahoo.com,primariacomunabutea@yahoo.com; contact@primariabutea.ro,,/stare-civila/iasi/,https://carteadeidentitate.gov.ro/ghisee/,2026-09-24
Iași,Miroslava,SPCLEP Miroslava,local,sat Miroslava str. Constantin Langa nr. 46A,0332407539,0332407539,,,,,,/stare-civila/iasi/,https://carteadeidentitate.gov.ro/ghisee/,2026-09-24
Iași,Răducăneni,SPCLEP Răducăneni,local,str. Răducanu Rosetti nr. 113,0232292818,0232292818,,,spclep@comunaraducaneni.ro,spclep@comunaraducaneni.ro,,/stare-civila/iasi/,https://carteadeidentitate.gov.ro/ghisee/,2026-09-24
Iași,Scânteia,SPCLEP Scânteia,local,str. Ștefan cel Mare nr. 532,0743210643,0743210643,,,,,,/stare-civila/iasi/,https://carteadeidentitate.gov.ro/ghisee/,2026-09-24
Iași,Țibănești,SPCLEP Țibănești,local,"str. Fierarului nr. 11, bl. L, parter",0232326901,0232326901,,,spclep@primariatibanesti.ro,spclep@primariatibanesti.ro,,/stare-civila/iasi/,https://carteadeidentitate.gov.ro/ghisee/,2026-09-24
Ilfov,București,DJEP Ilfov,judetean,șos. Fabrica de Glucoză nr. 7,0264450406,0264450406,,,secretariat@evpilfov.ro,secretariat@evpilfov.ro,"0264 450 406 — prefix de Cluj, nu de Ilfov; așa apare în registrul oficial",/stare-civila/ilfov/,https://carteadeidentitate.gov.ro/ghisee/,2026-09-24
Ilfov,Bragadiru,SPCLEP Bragadiru,local,șos. Alexandriei nr. 249,0214481061,0214481061,,,evidentapersoane@primariabragadiru.ro,evidentapersoane@primariabragadiru.ro,,/stare-civila/ilfov/,https://carteadeidentitate.gov.ro/ghisee/,2026-09-24
Ilfov,Buftea,SPCLEP Buftea,local,str. Piața Mihai Eminescu nr. 1,0318241224,0318241224,,,spclep@primariabuftea.ro,spclep@primariabuftea.ro,,/stare-civila/ilfov/,https://carteadeidentitate.gov.ro/ghisee/,2026-09-24
Ilfov,Chitila,SPCLEP Chitila,local,str. Aurel Vlaicu nr. 10,0214364224,0214364224,,,evidenta@primariachitila.ro,evidenta@primariachitila.ro,,/stare-civila/ilfov/,https://carteadeidentitate.gov.ro/ghisee/,2026-09-24
Ilfov,Otopeni,SPCLEP Otopeni,local,str. 23 August nr. 10,0213505593,0213505593,,,,,„evidentapersoanei@otopeni” — adresa de e-mail din registru nu e validă,/stare-civila/ilfov/,https://carteadeidentitate.gov.ro/ghisee/,2026-09-24
Ilfov,Pantelimon,SPCLEP Pantelimon,local,bd. Biruinței nr. 56A,0213017090,0213017090,,,evidenta.populatiei@primariapantelimon.ro,evidenta.populatiei@primariapantelimon.ro,,/stare-civila/ilfov/,https://carteadeidentitate.gov.ro/ghisee/,2026-09-24
Ilfov,Popești-Leordeni,SPCLEP Popești-Leordeni,local,șos. Olteniței nr. 31A,0311313430,0311313430,,,spclep@ppl.ro,spclep@ppl.ro,,/stare-civila/ilfov/,https://carteadeidentitate.gov.ro/ghisee/,2026-09-24
Ilfov,Voluntari,SPCLEP Voluntari (Primărie),local,bd. Voluntari nr. 74,0314370591,0314370591,,,evidenta-voluntari@primaria-voluntari.ro,evidenta-voluntari@primaria-voluntari.ro,,/stare-civila/ilfov/,https://carteadeidentitate.gov.ro/ghisee/,2026-09-24
Ilfov,Voluntari (Pipera),SPCLEP Voluntari (Jolie Ville),local,str. Erou Iancu Nicolae nr. 103 bis,0314251033,0314251033,,,evidenta-pipera@primaria-voluntari.ro,evidenta-pipera@primaria-voluntari.ro,,/stare-civila/ilfov/,https://carteadeidentitate.gov.ro/ghisee/,2026-09-24
Ilfov,1 Decembrie,SPCLEP 1 Decembrie,local,str. Crișana nr. 1,0214687036,0214687036,,,evidentapopulatiei@primaria1decembrie.ro,evidentapopulatiei@primaria1decembrie.ro,,/stare-civila/ilfov/,https://carteadeidentitate.gov.ro/ghisee/,2026-09-24
Ilfov,Afumați,SPCLEP Afumați,local,șos. București-Urziceni nr. 130,0213523020,0213523020,,,evidentapopulatie@primariaafumati.ro,evidentapopulatie@primariaafumati.ro,,/stare-civila/ilfov/,https://carteadeidentitate.gov.ro/ghisee/,2026-09-24
Ilfov,Brănești,SPCLEP Brănești,local,str. Slt. Petre Ionel nr. 17,0314261587,0314261587,,,spclep@primaria-branesti.ro,spclep@primaria-branesti.ro,,/stare-civila/ilfov/,https://carteadeidentitate.gov.ro/ghisee/,2026-09-24
Ilfov,Cernica,SPCLEP Cernica,local,str. Bizanțului nr. 105,0217963232,0217963232,,,evidentapopulatiei@cernica.ro,evidentapopulatiei@cernica.ro,,/stare-civila/ilfov/,https://carteadeidentitate.gov.ro/ghisee/,2026-09-24
Ilfov,Chiajna,SPCLEP Chiajna,local,"sat Roșu, str. 1 Decembrie 1918 nr. 90",0728967371,0728967371,,,evidentapersoanelor@primariachiajna.ro,evidentapersoanelor@primariachiajna.ro,,/stare-civila/ilfov/,https://carteadeidentitate.gov.ro/ghisee/,2026-09-24
Ilfov,Ciolpani,SPCLEP Ciolpani,local,str. Mânăstirii nr. 132,0213716070,0213716070,,,spclep@primariaciolpani.ro,spclep@primariaciolpani.ro,,/stare-civila/ilfov/,https://carteadeidentitate.gov.ro/ghisee/,2026-09-24
Ilfov,Clinceni,SPCLEP Clinceni,local,"sat Ordoreanu, șos. Clinceni nr. 2A",0787207700,0787207700,,,evidenta@primaria-clinceni.ro,evidenta@primaria-clinceni.ro,,/stare-civila/ilfov/,https://carteadeidentitate.gov.ro/ghisee/,2026-09-24
Ilfov,Corbeanca,SPCLEP Corbeanca,local,str. Independenței nr. 15,0212666031,0212666031,,,corbeanca@if.e-adm.ro,corbeanca@if.e-adm.ro,,/stare-civila/ilfov/,https://carteadeidentitate.gov.ro/ghisee/,2026-09-24
Ilfov,Cornetu,SPCLEP Cornetu,local,șos. Alexandriei nr. 140,0217944987,0217944987,,,primaria@primariacornetu.ro,primaria@primariacornetu.ro,,/stare-civila/ilfov/,https://carteadeidentitate.gov.ro/ghisee/,2026-09-24
Ilfov,Dobroești,SPCLEP Dobroești,local,bd. Nicolae Bălcescu nr. 13B,0314251250,0314251250,,,evidentapersoanelor@primariadobroesti.ro,evidentapersoanelor@primariadobroesti.ro,,/stare-civila/ilfov/,https://carteadeidentitate.gov.ro/ghisee/,2026-09-24
Ilfov,Domnești,SPCLEP Domnești,local,șos. Alexandru Ioan Cuza nr. 25-27,0213515303,0213515303,,,spclep@primariadomnesti.ro,spclep@primariadomnesti.ro,,/stare-civila/ilfov/,https://carteadeidentitate.gov.ro/ghisee/,2026-09-24
Ilfov,Dragomirești-Vale,SPCLEP Dragomirești-Vale,local,str. Micșunelelor nr. 87,0214367447,0214367447,,,evidentapopulatiei@primariadragomirestivale.ro,evidentapopulatiei@primariadragomirestivale.ro,,/stare-civila/ilfov/,https://carteadeidentitate.gov.ro/ghisee/,2026-09-24
Ilfov,Jilava,SPCLEP Jilava,local,șos. Giurgiului nr. 279,0214571122,0214571122,,,primariajilava@primariajilava.ro,primariajilava@primariajilava.ro,,/stare-civila/ilfov/,https://carteadeidentitate.gov.ro/ghisee/,2026-09-24
Ilfov,Moara Vlăsiei,SPCLEP Moara Vlăsiei,local,șos. Eroilor nr. 199,0314260976,0314260976,,,registratura@primariamoara-vlasiei.ro,registratura@primariamoara-vlasiei.ro,,/stare-civila/ilfov/,https://carteadeidentitate.gov.ro/ghisee/,2026-09-24
Ilfov,Mogoșoaia,SPCLEP Mogoșoaia,local,șos. București-Târgoviște nr. 138,0213516363,0213516363,,,evidenta@mogosoaia.ro,evidenta@mogosoaia.ro,,/stare-civila/ilfov/,https://carteadeidentitate.gov.ro/ghisee/,2026-09-24
Ilfov,Periș,SPCLEP Periș,local,str. Principală nr. 211,0212670096,0212670096,,,evidenta.persoanelor@primaria-peris.ro,evidenta.persoanelor@primaria-peris.ro,,/stare-civila/ilfov/,https://carteadeidentitate.gov.ro/ghisee/,2026-09-24
Ilfov,Snagov,SPCLEP Snagov,local,"sat Ghermănești, șos. Ghermănești nr. 49",0213512179,0213512179,,,evidentapopulatiei@snagov.cloud,evidentapopulatiei@snagov.cloud,,/stare-civila/ilfov/,https://carteadeidentitate.gov.ro/ghisee/,2026-09-24
Ilfov,Ștefăneștii de Jos,SPCLEP Ștefăneștii de Jos,local,str. Zorilor nr. 26,0213379732,0213379732,,,spclep@primariastefanesti.ro,spclep@primariastefanesti.ro,,/stare-civila/ilfov/,https://carteadeidentitate.gov.ro/ghisee/,2026-09-24
Maramureș,Baia Mare,DEJP Maramureș,judetean,str. Moldovei nr. 14,0262213323,0262213323,,,evidentapers@evpmm.ro,evidentapers@evpmm.ro,,/stare-civila/baia-mare/,https://carteadeidentitate.gov.ro/ghisee/,2026-09-24
Maramureș,Baia Mare,SPCLEP Baia Mare,local,str. Tineretului nr. 2A,0362804024,0362804024,,,spclep@baiamare.ro,spclep@baiamare.ro,,/stare-civila/baia-mare/,https://carteadeidentitate.gov.ro/ghisee/,2026-09-24
Maramureș,Baia Sprie,SPCLEP Baia Sprie,local,str. Horea nr. 4,0262261669,0262261669,interior 8023,,evidentapersoanelor@baiasprie.ro,evidentapersoanelor@baiasprie.ro,,/stare-civila/baia-mare/,https://carteadeidentitate.gov.ro/ghisee/,2026-09-24
Maramureș,Borșa,SPCLEP Borșa,local,str. Floare de Colț nr. 1/A,0262344830,0262344830,primaria sts,,spclep@primariaborsamm.ro,spclep@primariaborsamm.ro,,/stare-civila/baia-mare/,https://carteadeidentitate.gov.ro/ghisee/,2026-09-24
Maramureș,Cavnic,SPCLEP Cavnic,local,str. 22 Decembrie nr. 7,0262295046,0262295046,evp dl Ciubotar 8003/13,,cavnic@gmail.com,cavnic@gmail.com,"adresa din registru nu apare pe site-ul instituției; acolo instituția publică cavnic@mm.e-adm.ro și telefonul 0262 295 046 (pagina oficială), verificat la 4 septembrie 2026",/stare-civila/baia-mare/,https://carteadeidentitate.gov.ro/ghisee/,2026-09-04
Maramureș,Dragomirești,SPCLEP Dragomirești,local,str. 1 Decembrie nr. 151,0262337100,0262337100,,,spclep.starecivila.dragomiresti@gmail.com,spclep.starecivila.dragomiresti@gmail.com,"adresa din registru nu apare pe site-ul instituției; acolo instituția publică primaria.dragomiresti@yahoo.com și telefonul 0262 337 007 (pagina oficială), verificat la 4 septembrie 2026",/stare-civila/baia-mare/,https://carteadeidentitate.gov.ro/ghisee/,2026-09-04
Maramureș,Seini,SPCLEP Seini,local,Piața Unirii nr. 16,,,,,evidentapersoanelor@seini.ro,evidentapersoanelor@seini.ro,„628013” — numărul apare incomplet sau cu cifre în plus în registrul oficial; verifică-l pe pagina instituției,/stare-civila/baia-mare/,https://carteadeidentitate.gov.ro/ghisee/,2026-09-24
Maramureș,Sighetu Marmației,SPCLEP Sighetu Marmației,local,str. Dragoș Vodă nr. 31,0262311354,0262311354,interior 8736,,spclep@primariasighet.ro,spclep@primariasighet.ro,,/stare-civila/baia-mare/,https://carteadeidentitate.gov.ro/ghisee/,2026-09-24
Maramureș,Săliștea De Sus,SPCLEP Săliștea de Sus,local,str. Liviu Doru Bindea nr. 204,0262338100,0262338100; 0262338001,,,evidentapopulatiei@salisteadesus.ro,evidentapopulatiei@salisteadesus.ro,,/stare-civila/baia-mare/,https://carteadeidentitate.gov.ro/ghisee/,2026-09-24
Maramureș,Târgu Lăpuș,SPCLEP Târgu Lăpuș,local,str. Ștrandului nr. 11,0262384465,0262384465,interior 8112,,,,,/stare-civila/baia-mare/,https://carteadeidentitate.gov.ro/ghisee/,2026-09-24
Maramureș,Tăuții Măgherăuș,SPCLEP Tăuții Măgherăuș,local,str. 1 nr. 194,0262293048,0262293048,interior 6,,evidentapopulatiei@tautimagheraus.ro,evidentapopulatiei@tautimagheraus.ro,,/stare-civila/baia-mare/,https://carteadeidentitate.gov.ro/ghisee/,2026-09-24
Maramureș,Ulmeni,SPCLEP Ulmeni,local,str. Petre Dulfu nr. 62A,0262264132,0262264132,interior 8063,,,,,/stare-civila/baia-mare/,https://carteadeidentitate.gov.ro/ghisee/,2026-09-24
Maramureș,Vișeu de Sus,SPCLEP Vișeu de Sus,local,str. Republicii nr. 12/14,0262355948,0262355948,interior 8929,,spclepviseudesus@yahoo.com,spclepviseudesus@yahoo.com,"adresa din registru nu apare pe site-ul instituției; acolo instituția publică primariaviseu@yahoo.com și telefonul 0262 352 880 (pagina oficială), verificat la 4 septembrie 2026",/stare-civila/baia-mare/,https://carteadeidentitate.gov.ro/ghisee/,2026-09-04
Maramureș,Șomcuta Mare,SPCLEP Șomcuta Mare,local,str. Someș nr. 17,0784228914,0784228914,interior 8516,,spclep@somcutamare.ro,spclep@somcutamare.ro,,/stare-civila/baia-mare/,https://carteadeidentitate.gov.ro/ghisee/,2026-09-24
Maramureș,Ariniș,SPCLEP Ariniș,local,nr. 65,0362401775,0362401775,,,primaria.arinis@yahoo.com,primaria.arinis@yahoo.com,"adresa din registru nu apare pe site-ul instituției; acolo instituția publică primaria@comunaarinis.ro și telefonul 0262 265 658 (pagina oficială), verificat la 4 septembrie 2026",/stare-civila/baia-mare/,https://carteadeidentitate.gov.ro/ghisee/,2026-09-04
Maramureș,Bistra,SPCLEP Bistra,local,nr. 314,0262369195,0262369195,,,,,"registrul publică pentru acest ghișeu o adresă de e-mail nominală, a unei persoane, nu a serviciului; nu o reproducem aici — folosiți telefonul de mai sus sau adresa oficială a primăriei",/stare-civila/baia-mare/,https://carteadeidentitate.gov.ro/ghisee/,2026-09-24
Maramureș,Bogdan Vodă,SPCLEP Bogdan Vodă,local,nr. 363,0262335303,0262335303,,,contact@primariabogdanvoda.ro,contact@primariabogdanvoda.ro,,/stare-civila/baia-mare/,https://carteadeidentitate.gov.ro/ghisee/,2026-09-24
Maramureș,Cicârlău,SPCLEP Cicârlău,local,str. Unirii nr. 5,0362524368,0362524368,,,evidentapopulatiei@primariacicarlau.ro,evidentapopulatiei@primariacicarlau.ro,,/stare-civila/baia-mare/,https://carteadeidentitate.gov.ro/ghisee/,2026-09-24
Maramureș,Copalnic Mănăștur,SPCLEP Copalnic Mănăștur,local,nr. 23,0262497003,0262497003,,,spclep.copalnicmanastur@gmail.com,spclep.copalnicmanastur@gmail.com,"„2626497499” — numărul apare incomplet sau cu cifre în plus în registrul oficial; verifică-l pe pagina instituției | adresa din registru nu apare pe site-ul instituției; acolo instituția publică ccm@primariacopalnicmanastur.ro și telefonul 0262 497 003 (pagina oficială), verificat la 4 septembrie 2026",/stare-civila/baia-mare/,https://carteadeidentitate.gov.ro/ghisee/,2026-09-04
Maramureș,Fărcașa,SPCLEP Fărcașa,local,str. Independenței nr. 59,0262266100,0262266100,interior 3092,,spclep@farcasa-mm.ro,spclep@farcasa-mm.ro,,/stare-civila/baia-mare/,https://carteadeidentitate.gov.ro/ghisee/,2026-09-24
Maramureș,Giulești,SPCLEP Giulești,local,nr. 114,0262375015,0262375015,,,primaria@primariagiulesti.ro,primaria@primariagiulesti.ro,,/stare-civila/baia-mare/,https://carteadeidentitate.gov.ro/ghisee/,2026-09-24
Maramureș,Groși,SPCLEP Groși,local,str. Mihai Viteazu nr. 50,0262258685,0262258685,,,spclep@primariagrosi.ro,spclep@primariagrosi.ro,,/stare-civila/baia-mare/,https://carteadeidentitate.gov.ro/ghisee/,2026-09-24
Maramureș,Leordina,SPCLEP Leordina,local,nr. 874,0262364471,0262364471,,,mail-primaria_leordina@yahoo.com,mail-primaria_leordina@yahoo.com,"adresa din registru pare scrisă greșit: instituția publică primaria_leordina@yahoo.com (prefixul „mail-” e în plus), deci corespondența trimisă la adresa din registru nu ajunge la ea (pagina oficială), verificat la 4 septembrie 2026",/stare-civila/baia-mare/,https://carteadeidentitate.gov.ro/ghisee/,2026-09-04
Maramureș,Moisei,SPCLEP Moisei,local,nr. 1300,0262347563,0262347563,,,contact@primariamoisei.ro,contact@primariamoisei.ro,,/stare-civila/baia-mare/,https://carteadeidentitate.gov.ro/ghisee/,2026-09-24
Maramureș,Ocna Șugatag,SPCLEP Ocna Șugatag,local,str. Unirii nr. 66,0262374412,0262374412,,,primaria@primariaocnasugatag.ro,primaria@primariaocnasugatag.ro,,/stare-civila/baia-mare/,https://carteadeidentitate.gov.ro/ghisee/,2026-09-24
Maramureș,Oncești,SPCLEP Oncești,local,nr. 18,0756452127,0756452127,(Godja Georgeana),,spcleponcesti.mm963@yahoo.com,spcleponcesti.mm963@yahoo.com,"adresa din registru nu apare pe site-ul instituției; acolo instituția publică primaria_oncesti_maramures@yahoo.com și telefonul 0262 348 417 (pagina oficială), verificat la 4 septembrie 2026",/stare-civila/baia-mare/,https://carteadeidentitate.gov.ro/ghisee/,2026-09-04
Maramureș,Petrova,SPCLEP Petrova,local,nr. 792,0733414512,0733414512,,,,,"registrul publică pentru acest ghișeu o adresă de e-mail nominală, a unei persoane, nu a serviciului; nu o reproducem aici — folosiți telefonul de mai sus sau adresa oficială a primăriei",/stare-civila/baia-mare/,https://carteadeidentitate.gov.ro/ghisee/,2026-09-24
Maramureș,Poienile de sub Munte,SPCLEP Poienile de sub Munte,local,nr. 8C,0262367022,0262367022,,,evidentapersoanelor@pdsm.ro,evidentapersoanelor@pdsm.ro,,/stare-civila/baia-mare/,https://carteadeidentitate.gov.ro/ghisee/,2026-09-24
Maramureș,Recea,SPCLEP Recea,local,str. Primăriei nr. 2,0262287240,0262287240,,,office@primaria-recea.ro,office@primaria-recea.ro,,/stare-civila/baia-mare/,https://carteadeidentitate.gov.ro/ghisee/,2026-09-24
Maramureș,Repedea,SPCLEP Repedea,local,str. Principală nr. 98,0262366310,0262366310,,,spclep@comunarepedea.ro,spclep@comunarepedea.ro,,/stare-civila/baia-mare/,https://carteadeidentitate.gov.ro/ghisee/,2026-09-24
Maramureș,Rozavlea,SPCLEP Rozavlea,local,nr. 932,0262333009,0262333009,,,spclep.rozavlea@gmail.com,spclep.rozavlea@gmail.com,"adresa din registru nu apare pe site-ul instituției; acolo instituția publică primaria_rozavlea@yahoo.com și telefonul 0262 333 011 (pagina oficială), verificat la 4 septembrie 2026",/stare-civila/baia-mare/,https://carteadeidentitate.gov.ro/ghisee/,2026-09-04
Maramureș,Satulung,SPCLEP Satulung,local,str. Principală nr. 128,0741150984,0741150984,,,primariasatulung@yahoo.com,primariasatulung@yahoo.com,"adresa din registru nu apare pe site-ul instituției; acolo instituția publică contact@primariasatulung.ro și telefonul 0262 283 001 (pagina oficială), verificat la 4 septembrie 2026",/stare-civila/baia-mare/,https://carteadeidentitate.gov.ro/ghisee/,2026-09-04
Maramureș,Săcălășeni,SPCLEP Săcălășeni,local,str. Unirii nr. 87,0262289333,0262289333,int 3,,spclep_sacalaaseni@mm.e-adm.ro,spclep_sacalaaseni@mm.e-adm.ro,,/stare-civila/baia-mare/,https://carteadeidentitate.gov.ro/ghisee/,2026-09-24
Maramureș,Valea Chioarului,SPCLEP Valea Chioarului,local,str. Chioar nr. 17,0744691848,0744691848,,,valeachioarului@mm.e-adm.ro,valeachioarului@mm.e-adm.ro,,/stare-civila/baia-mare/,https://carteadeidentitate.gov.ro/ghisee/,2026-09-24
Mehedinți,Drobeta Turnu Severin,DPCEP Mehedinţi,judetean,str. I.C.Brătianu nr. 7,0252305286,0252305286,,,dpcepmh@yahoo.ro,dpcepmh@yahoo.ro,,/stare-civila/drobeta-turnu-severin/,https://carteadeidentitate.gov.ro/ghisee/,2026-09-24
Mehedinți,Baia de Aramă,SPCLEP Baia de Aramă,local,str. Tudor Vladimirescu nr. 23,0252381636,0252381636,,,primaria_bda@yahoo.com,primaria_bda@yahoo.com,,/stare-civila/drobeta-turnu-severin/,https://carteadeidentitate.gov.ro/ghisee/,2026-09-24
Mehedinți,Drobeta Turnu Severin,SPCLEP Drobeta Turnu Severin,local,Str. Decebal nr. 40,0372396392,0372396392,,,evpersdts@yahoo.com,evpersdts@yahoo.com,"adresa din registru nu apare pe site-ul instituției; acolo instituția publică evidenta.persoane@primariadrobeta.ro și telefonul 0372 396 392 (pagina oficială), verificat la 4 septembrie 2026",/stare-civila/drobeta-turnu-severin/,https://carteadeidentitate.gov.ro/ghisee/,2026-09-04
Mehedinți,Orșova,SPCLEP Orşova,local,bd. Porțile de Fier nr.32,0252361782,0252361782,,,spclep@primariaorsova.ro,spclep@primariaorsova.ro,,/stare-civila/drobeta-turnu-severin/,https://carteadeidentitate.gov.ro/ghisee/,2026-09-24
Mehedinți,Strehaia,SPCLEP Strehaia,local,str. Decebal nr. 1,0252371297,0252371297,,,primariastrehaia@contact.ro,primariastrehaia@contact.ro,,/stare-civila/drobeta-turnu-severin/,https://carteadeidentitate.gov.ro/ghisee/,2026-09-24
Mehedinți,Vânju Mare,SPCLEP Vânju Mare,local,str. Rahovei nr. 1,0252350080,0252350080,,,primariavinjumare@yahoo.com,primariavinjumare@yahoo.com,,/stare-civila/drobeta-turnu-severin/,https://carteadeidentitate.gov.ro/ghisee/,2026-09-24
Mehedinți,Butoiești,SPCLEP Butoiești,local,"sat Butoiești, str. Principală nr.55",0352880090,0352880090,,,primariabutoiesti@pejmh.ro,primariabutoiesti@pejmh.ro,,/stare-civila/drobeta-turnu-severin/,https://carteadeidentitate.gov.ro/ghisee/,2026-09-24
Mehedinți,Corcova,SPCLEP Corcova,local,sat Corcova,0252383465,0252383465,,,primaria.corcova@gmail.com,primaria.corcova@gmail.com,,/stare-civila/drobeta-turnu-severin/,https://carteadeidentitate.gov.ro/ghisee/,2026-09-24
Mehedinți,Cujmir,SPCLEP Cujmir,local,"sat Cujmir, str. Calea Severinului nr. 60",0252390131,0252390131,,,primariacujmir@pejmh.ro,primariacujmir@pejmh.ro,,/stare-civila/drobeta-turnu-severin/,https://carteadeidentitate.gov.ro/ghisee/,2026-09-24
Mehedinți,Gogoșu,SPCLEP Gogoşu,local,"sat Gogoșu, str. Carol I nr. 85",0252357335,0252357335,,,clgogosu@gmail.com,clgogosu@gmail.com,,/stare-civila/drobeta-turnu-severin/,https://carteadeidentitate.gov.ro/ghisee/,2026-09-24
Mehedinți,Gârla Mare,SPCLEP Gârla Mare,local,"sat Gârla Mare, Calea Severinului nr. 155",0252393029,0252393029,,,girlamareevidentapopulatiei@gmail.com,girlamareevidentapopulatiei@gmail.com,,/stare-civila/drobeta-turnu-severin/,https://carteadeidentitate.gov.ro/ghisee/,2026-09-24
Mehedinți,Jiana,SPCLEP Jiana,local,"sat Jiana, str. Traian nr. 1",0252358845,0252358845,,,primariajiana@yahoo.com,primariajiana@yahoo.com,,/stare-civila/drobeta-turnu-severin/,https://carteadeidentitate.gov.ro/ghisee/,2026-09-24
Mehedinți,Rogova,SPCLEP Rogova,local,sat Rogova,0352807879,0352807879,,,spclep.rogova@gmail.com,spclep.rogova@gmail.com,,/stare-civila/drobeta-turnu-severin/,https://carteadeidentitate.gov.ro/ghisee/,2026-09-24
Mehedinți,Șimian,SPCLEP Şimian,local,"sat Șimian, str. Craiovei nr. 78",0376443030,0376443030,,,clsimianmh@gmail.com,clsimianmh@gmail.com,,/stare-civila/drobeta-turnu-severin/,https://carteadeidentitate.gov.ro/ghisee/,2026-09-24
Mureș,Târgu Mureș,DGEP Mureș,judetean,str. Primăriei nr. 2 (fostul Hotel Parc),0265311109,0265311109,,,djepmures@cjmures.ro,djepmures@cjmures.ro,,/stare-civila/targu-mures/,https://carteadeidentitate.gov.ro/ghisee/,2026-09-24
Mureș,Iernut,SPCLEP Iernut,local,str. 1 Decembrie 1918 nr. 9,0265471582,0265471582,,,spclepiernut@ms.e-adm.ro,spclepiernut@ms.e-adm.ro,,/stare-civila/targu-mures/,https://carteadeidentitate.gov.ro/ghisee/,2026-09-24
Mureș,Luduș,SPCLEP Luduș,local,bd. 1 Decembrie 1918 nr. 26,0265411716,0265411716,,,spclepludus@ms.e-adm.ro,spclepludus@ms.e-adm.ro,,/stare-civila/targu-mures/,https://carteadeidentitate.gov.ro/ghisee/,2026-09-24
Mureș,Miercurea Nirajului,SPCLEP Miercurea Nirajului,local,Piața Bocskai István nr. 54,0265576030,0265576030,,,miercureanirajului@ms.e-adm.ro,miercureanirajului@ms.e-adm.ro,,/stare-civila/targu-mures/,https://carteadeidentitate.gov.ro/ghisee/,2026-09-24
Mureș,Nadeș,SPCLEP Nadeș,local,str. Principală nr. 343,0265763112,0265763112,,,nades@cjmures.ro,nades@cjmures.ro,,/stare-civila/targu-mures/,https://carteadeidentitate.gov.ro/ghisee/,2026-09-24
Mureș,Reghin,SPCLEP Reghin,local,str. Piața Petru Maior nr. 41,0265511112,0265511112,int. 139,,spclepreghin@ms.e-adm.ro,spclepreghin@ms.e-adm.ro,,/stare-civila/targu-mures/,https://carteadeidentitate.gov.ro/ghisee/,2026-09-24
Mureș,Sighișoara,SPCLEP Sighișoara,local,str. H. Oberth nr. 15,0265771140,0265771140,,,spclepsighisoara@ms.e-adm.ro,spclepsighisoara@ms.e-adm.ro,,/stare-civila/targu-mures/,https://carteadeidentitate.gov.ro/ghisee/,2026-09-24
Mureș,Sovata,SPCLEP Sovata,local,"str. Trandafirilor nr. 1, corp 2",0265570841,0265570841,,,,,,/stare-civila/targu-mures/,https://carteadeidentitate.gov.ro/ghisee/,2026-09-24
Mureș,Sângeorgiu de Pădure,SPCLEP Sângeorgiu de Pădure,local,Piața Rhedey nr. 12,0265580100,0265580100,,,,,,/stare-civila/targu-mures/,https://carteadeidentitate.gov.ro/ghisee/,2026-09-24
Mureș,Sărmașu,SPCLEP Sărmașu,local,str. Republicii nr. 63,0265422020,0265422020,,,spclepsarmasu@ms.e-adm.ro,spclepsarmasu@ms.e-adm.ro,,/stare-civila/targu-mures/,https://carteadeidentitate.gov.ro/ghisee/,2026-09-24
Mureș,Târgu Mureș,SPCLEP Târgu Mureș,local,str. Călărașilor nr. 26-28,0265250010,0265250010,,,eipmures@tirgumures.ro,eipmures@tirgumures.ro,,/stare-civila/targu-mures/,https://carteadeidentitate.gov.ro/ghisee/,2026-09-24
Mureș,Târnăveni,SPCLEP Târnăveni,local,str. 22 Decembrie nr. 2,0265443417,0265443417,,,spclep@primariatarnaveni.ro,spclep@primariatarnaveni.ro,,/stare-civila/targu-mures/,https://carteadeidentitate.gov.ro/ghisee/,2026-09-24
Mureș,Ungheni,SPCLEP Ungheni,local,str. Principală nr. 357,0265328212,0265328212,,,spclepungheni@ms.e-adm.ro,spclepungheni@ms.e-adm.ro,,/stare-civila/targu-mures/,https://carteadeidentitate.gov.ro/ghisee/,2026-09-24
Mureș,Acățari,SPCLEP Acățari,local,sat Acățari nr. 214,0265333060,0265333060; 0265333112,,,,,,/stare-civila/targu-mures/,https://carteadeidentitate.gov.ro/ghisee/,2026-09-24
Mureș,Band,SPCLEP Band,local,"sat Band, str. Tg-Mureșului, nr. 5",,,,,,,,/stare-civila/targu-mures/,https://carteadeidentitate.gov.ro/ghisee/,2026-09-24
Mureș,Deda,SPCLEP Deda,local,sat Deda nr. 175,0265556212,0265556212; 0265556412,,,spclepdeda@ms.e-adm.ro,spclepdeda@ms.e-adm.ro,,/stare-civila/targu-mures/,https://carteadeidentitate.gov.ro/ghisee/,2026-09-24
Mureș,Hodac,SPCLEP Hodac,local,sat Hodac nr. 98,0265538743,0265538743,,,hodac@cjmures.ro,hodac@cjmures.ro,,/stare-civila/targu-mures/,https://carteadeidentitate.gov.ro/ghisee/,2026-09-24
Mureș,Ibănești,SPCLEP Ibănești,local,sat Ibănești nr. 107,0265538423,0265538423,,,spclepibanesti@ms.e-adm.ro,spclepibanesti@ms.e-adm.ro,,/stare-civila/targu-mures/,https://carteadeidentitate.gov.ro/ghisee/,2026-09-24
Mureș,Râciu,SPCLEP Râciu,local,str. Gheorghe Șincai nr. 58,0265426003,0265426003; 0753456969,,,,,,/stare-civila/targu-mures/,https://carteadeidentitate.gov.ro/ghisee/,2026-09-24
Neamț,Bicaz,SPCLEP Bicaz,local,str. Energiei nr. 7A,0233253318,0233253318,,,primariabicaz@yahoo.com,primariabicaz@yahoo.com,"adresa din registru nu apare în lista publicată de Direcția Județeană de Evidență a Persoanelor Neamț; acolo serviciul nu publică nicio adresă de e-mail, ci doar telefonul 0233 253 318 (lista oficială), verificat la 4 septembrie 2026",/stare-civila/piatra-neamt/,https://carteadeidentitate.gov.ro/ghisee/,2026-09-04
Neamț,Piatra-Neamț,DLEP Piatra-Neamț,local,str. Eroilor nr. 18,0233210411,0233210411,,,evidenta.persoanelor@primariapn.ro,evidenta.persoanelor@primariapn.ro,,/stare-civila/piatra-neamt/,https://carteadeidentitate.gov.ro/ghisee/,2026-09-24
Neamț,Roman,DLEP Roman,local,"str. Ștefan cel Mare, bl.6, parter 2 ( Pietonal Ștefan cel Mare)",0233742862,0233742862,,,evidpers@primariaroman.ro,evidpers@primariaroman.ro,,/stare-civila/piatra-neamt/,https://carteadeidentitate.gov.ro/ghisee/,2026-09-24
Neamț,Roznov,SPCLEP Roznov,local,str. Tineretului I nr. 18,0233665411,0233665411,,,spclep@primariaroznov.ro,spclep@primariaroznov.ro,,/stare-civila/piatra-neamt/,https://carteadeidentitate.gov.ro/ghisee/,2026-09-24
Neamț,Târgu-Neamț,SPCLEP Târgu-Neamț,local,bd. Ștefan cel Mare nr. 48,0233790870,0233790870,,,evidenta@primariatgneamt.ro,evidenta@primariatgneamt.ro,,/stare-civila/piatra-neamt/,https://carteadeidentitate.gov.ro/ghisee/,2026-09-24
Neamț,Români,SPCLEP Români,local,sat Români,0233768930,0233768930,,,spclep@comunaromani.ro,spclep@comunaromani.ro,,/stare-civila/piatra-neamt/,https://carteadeidentitate.gov.ro/ghisee/,2026-09-24
Neamț,Săbăoani,SPCLEP Săbăoani,local,"sat Săbăoani, str. Orizontului nr. 58",0233768161,0233768161,,,office@primariasabaoani.ro,office@primariasabaoani.ro,,/stare-civila/piatra-neamt/,https://carteadeidentitate.gov.ro/ghisee/,2026-09-24
Olt,Slatina,DJEP Olt,judetean,"str. Centura Basarabilor, nr. 8",0249415201,0249415201,,0249433115,djep@djepolt.ro,djep@djepolt.ro,,/stare-civila/slatina/,https://carteadeidentitate.gov.ro/ghisee/,2026-09-24
Olt,Balș,SPCLEP Balș,local,str. Nicolae Bălcescu nr. 6B,0249450807,0249450807,,,evidentabals@gmail.com,evidentabals@gmail.com,"adresa din registru nu apare pe site-ul instituției; acolo instituția publică secretariat@primariabals.eu și telefonul 0249 450 145 (pagina oficială), verificat la 4 septembrie 2026",/stare-civila/slatina/,https://carteadeidentitate.gov.ro/ghisee/,2026-09-04
Olt,Caracal,SPCLEP Caracal,local,str. Toma Rușcă nr. 7A,0249511383,0249511383,,,spclep@primariacaracal.ro,spclep@primariacaracal.ro,,/stare-civila/slatina/,https://carteadeidentitate.gov.ro/ghisee/,2026-09-24
Olt,Corabia,SPCLEP Corabia,local,"Strada Carpați, nr. 66A",0249563141,0249563141; 0762181762,,,spclep.corabia@yahoo.com,spclep.corabia@yahoo.com,"adresa din registru nu apare pe site-ul instituției; acolo instituția publică primariacorabia@primariacorabia.ro și telefonul 0249 563 141 (pagina oficială), verificat la 4 septembrie 2026",/stare-civila/slatina/,https://carteadeidentitate.gov.ro/ghisee/,2026-09-04
Olt,Drăgănești-Olt,SPCLEP Drăgănești-Olt,local,str. Livezilor nr. 17A,0249466077,0249466077,,,spclep@draganesti-olt.ro,spclep@draganesti-olt.ro,,/stare-civila/slatina/,https://carteadeidentitate.gov.ro/ghisee/,2026-09-24
Olt,Piatra-Olt,SPCLEP Piatra-Olt,local,str. Florilor nr. 2,0349803014,0349803014,,,primariapiatraolt@yahoo.com,primariapiatraolt@yahoo.com,,/stare-civila/slatina/,https://carteadeidentitate.gov.ro/ghisee/,2026-09-24
Olt,Scornicești,SPCLEP Scornicești,local,str. Unirii nr. 2,0249460411,0249460411; 0751022592,,,primariascornicesti@yahoo.com,primariascornicesti@yahoo.com,,/stare-civila/slatina/,https://carteadeidentitate.gov.ro/ghisee/,2026-09-24
Olt,Slatina,SPCLEP Slatina,local,str. Centura Basarabilor nr. 8,0249412550,0249412550,,,evidentapopulatiei_slatina@yahoo.com,evidentapopulatiei_slatina@yahoo.com,,/stare-civila/slatina/,https://carteadeidentitate.gov.ro/ghisee/,2026-09-24
Olt,Dobroteasa,SPCLEP Dobroteasa,local,str. Principală nr. 54,0249469056,0249469056,,,,,,/stare-civila/slatina/,https://carteadeidentitate.gov.ro/ghisee/,2026-09-24
Olt,Ghimpețeni,SPCLEP Ghimpețeni,local,str. Primăriei nr. 6,0249485415,0249485415; 0720014655,,,primariaghimpeteni@yahoo.com,primariaghimpeteni@yahoo.com,"adresa din registru nu apare pe site-ul instituției; acolo instituția publică primaria@ghimpeteni.ro și telefonul 0249 485 441 (pagina oficială), verificat la 4 septembrie 2026",/stare-civila/slatina/,https://carteadeidentitate.gov.ro/ghisee/,2026-09-04
Olt,Gostavățu,SPCLEP Gostavățu,local,str. Principală nr. 54,0249532321,0249532321,,,,,,/stare-civila/slatina/,https://carteadeidentitate.gov.ro/ghisee/,2026-09-24
Prahova,Ploiești,DJEP Prahova,judetean,"str. Vasile Lupu nr. 60-62, etaj 2, camera 22",0244302135,0244302135,,,djep@ph.e-adm.ro,djep@ph.e-adm.ro,,/stare-civila/ploiesti/,https://carteadeidentitate.gov.ro/ghisee/,2026-09-24
Prahova,Azuga,SPCLEP Azuga,local,str. Independenței nr. 19A,0759034216,0759034216,,,spclep_azuga@ph.e-adm.ro,spclep_azuga@ph.e-adm.ro,,/stare-civila/ploiesti/,https://carteadeidentitate.gov.ro/ghisee/,2026-09-24
Prahova,Boldești-Scăeni,SPCLEP Boldești-Scăeni,local,Calea Unirii nr. 67,0244210481,0244210481,,,spclep@boldesti-scaeni.ro,spclep@boldesti-scaeni.ro,,/stare-civila/ploiesti/,https://carteadeidentitate.gov.ro/ghisee/,2026-09-24
Prahova,Breaza,SPCLEP Breaza,local,str. Republicii nr. 82B,0244340508,0244340508,TASTA 9,,spclep.breaza@ph.e-adm.ro,spclep.breaza@ph.e-adm.ro,,/stare-civila/ploiesti/,https://carteadeidentitate.gov.ro/ghisee/,2026-09-24
Prahova,Bușteni,SPCLEP Bușteni,local,bd. Libertății nr. 91,0244322005,0244322005,,,uatobusteni@gmail.com,uatobusteni@gmail.com,,/stare-civila/ploiesti/,https://carteadeidentitate.gov.ro/ghisee/,2026-09-24
Prahova,Băicoi,SPCLEP Băicoi,local,str. Dorobanți nr. 5,0344882101,0344882101,,,evidentapop@primariabaicoi.ro,evidentapop@primariabaicoi.ro,,/stare-civila/ploiesti/,https://carteadeidentitate.gov.ro/ghisee/,2026-09-24
Prahova,Comarnic,SPCLEP Comarnic,local,str. Republicii nr. 76,0244360044,0244360044,,,registratura@primariacomarnic.ro,registratura@primariacomarnic.ro,,/stare-civila/ploiesti/,https://carteadeidentitate.gov.ro/ghisee/,2026-09-24
Prahova,Câmpina,SPCLEP Câmpina,local,bd. Culturii nr. 27,0244355551,0244355551,,,evidenta.persoanei@primariacampina.ro,evidenta.persoanei@primariacampina.ro,,/stare-civila/ploiesti/,https://carteadeidentitate.gov.ro/ghisee/,2026-09-24
Prahova,Mizil,SPCLEP Mizil,local,str. Ștefan cel Mare nr. 1,0244253309,0244253309,,,spclep_mizil@ph.e-adm.ro,spclep_mizil@ph.e-adm.ro,,/stare-civila/ploiesti/,https://carteadeidentitate.gov.ro/ghisee/,2026-09-24
Prahova,Ploiești,SPCLEP Ploiești,local,bd. Independenței nr. 10,0344078313,0344078313,,,evidentapersoanelor@spclep-ploiesti.ro,evidentapersoanelor@spclep-ploiesti.ro,,/stare-civila/ploiesti/,https://carteadeidentitate.gov.ro/ghisee/,2026-09-24
Prahova,Plopeni,SPCLEP Plopeni,local,bd. Independenței nr. 11,0244220719,0244220719,,,evidentapersoanelorplopeni@ph.e-adm.ro,evidentapersoanelorplopeni@ph.e-adm.ro,,/stare-civila/ploiesti/,https://carteadeidentitate.gov.ro/ghisee/,2026-09-24
Prahova,Sinaia,SPCLEP Sinaia,local,bd. Carol I nr. 47,0244310186,0244310186,( TASTA 4 sau interior 117/118),,evidenta.persoanelor@primaria-sinaia.ro,evidenta.persoanelor@primaria-sinaia.ro,,/stare-civila/ploiesti/,https://carteadeidentitate.gov.ro/ghisee/,2026-09-24
Prahova,Slănic,SPCLEP Slănic,local,str. Alexandru Odobescu nr. 2,0244240964,0244240964,,,spclep_slanic@ph.e-adm.ro,spclep_slanic@ph.e-adm.ro,,/stare-civila/ploiesti/,https://carteadeidentitate.gov.ro/ghisee/,2026-09-24
Prahova,Urlați,SPCLEP Urlați,local,str. Tudor Vladimirescu nr. 47,0244271429,0244271429,,,spclep.urlati@ph.e-adm.ro,spclep.urlati@ph.e-adm.ro,,/stare-civila/ploiesti/,https://carteadeidentitate.gov.ro/ghisee/,2026-09-24
Prahova,Vălenii de Munte,SPCLEP Vălenii de Munte,local,str. Berevoești nr. 8,0244283301,0244283301,,,primariavaleniidemunte@yahoo.com,primariavaleniidemunte@yahoo.com,"adresa din registru nu apare pe site-ul instituției; acolo instituția nu publică nicio adresă de e-mail, ci doar telefonul 0244 283 301 (pagina oficială), verificat la 4 septembrie 2026",/stare-civila/ploiesti/,https://carteadeidentitate.gov.ro/ghisee/,2026-09-04
Prahova,Ariceștii Rahtivani,SPCLEP Ariceștii Rahtivani,local,"sat Ariceștii Rahtivani, str. Școlii nr. 1B",0244381525,0244381525,,,spclep_aricestiirahtivani@ph.e-adm.ro,spclep_aricestiirahtivani@ph.e-adm.ro,,/stare-civila/ploiesti/,https://carteadeidentitate.gov.ro/ghisee/,2026-09-24
Prahova,Baba Ana,SPCLEP Baba Ana,local,sat Baba Ana nr. 354,0244251211,0244251211,,,spclep_baba_ana@ph.e-adm.ro,spclep_baba_ana@ph.e-adm.ro,,/stare-civila/ploiesti/,https://carteadeidentitate.gov.ro/ghisee/,2026-09-24
Prahova,Blejoi,SPCLEP Blejoi,local,"sat Blejoi, Calea Buzăului nr. 10",,,interior 728,,spclep_blejoi@ph.e-adm.ro,spclep_blejoi@ph.e-adm.ro,„778536” — numărul apare incomplet sau cu cifre în plus în registrul oficial; verifică-l pe pagina instituției,/stare-civila/ploiesti/,https://carteadeidentitate.gov.ro/ghisee/,2026-09-24
Prahova,Brazi,SPCLEP Brazi,local,"sat Brazii de Jos, str. Teilor nr. 45",,,,,spclep__brazi@ph.e-adm.ro,spclep__brazi@ph.e-adm.ro,„2444480768” — numărul apare incomplet sau cu cifre în plus în registrul oficial; verifică-l pe pagina instituției,/stare-civila/ploiesti/,https://carteadeidentitate.gov.ro/ghisee/,2026-09-24
Prahova,Bucov,SPCLEP Bucov,local,str. Constantin Sterie nr. 1,0244275412,0244275412,,,bucov@primariabucov.ro,bucov@primariabucov.ro,,/stare-civila/ploiesti/,https://carteadeidentitate.gov.ro/ghisee/,2026-09-24
Prahova,Bălțești,SPCLEP Bălțești,local,str. Independenței nr. 1,0344803077,0344803077,,,spclep.baltesti@ph.e-adm.ro,spclep.baltesti@ph.e-adm.ro,,/stare-civila/ploiesti/,https://carteadeidentitate.gov.ro/ghisee/,2026-09-24
Prahova,Bărcănești,SPCLEP Bărcănești,local,str. Crinilor nr. 108,0786179054,0786179054,,,evidentapopulatiei@barcanesti.ro,evidentapopulatiei@barcanesti.ro,,/stare-civila/ploiesti/,https://carteadeidentitate.gov.ro/ghisee/,2026-09-24
Prahova,Ciorani,SPCLEP Ciorani,local,"sat Cioranii de Jos, str. 7 nr. 4",0244462024,0244462024,,,administrator@primariaciorani.ro,administrator@primariaciorani.ro,,/stare-civila/ploiesti/,https://carteadeidentitate.gov.ro/ghisee/,2026-09-24
Prahova,Drajna,SPCLEP Drajna,local,"sat Drajna de Sus, str. Neagoe Basarab nr. 25",0244290202,0244290202,,,spclep_drajna@ph.e-adm.ro,spclep_drajna@ph.e-adm.ro,,/stare-civila/ploiesti/,https://carteadeidentitate.gov.ro/ghisee/,2026-09-24
Prahova,Filipeștii De Pădure,SPCLEP Filipeștii de Pădure,local,"sat Filipeștii de Pădure, str. Principală nr. 343",0721824051,0721824051,,,spclep__filipestii_de_padure@ph.e-adm.ro,spclep__filipestii_de_padure@ph.e-adm.ro,,/stare-civila/ploiesti/,https://carteadeidentitate.gov.ro/ghisee/,2026-09-24
Prahova,Filipeștii De Târg,SPCLEP Filipeștii de Târg,local,"sat Filipeștii de Târg, str. Republicii nr. 216",0244389185,0244389185,,,spclep_filipestiidetarg@ph.e-adm.ro,spclep_filipestiidetarg@ph.e-adm.ro,,/stare-civila/ploiesti/,https://carteadeidentitate.gov.ro/ghisee/,2026-09-24
Prahova,Fulga,SPCLEP Fulga,local,"Sat Fulga de Jos, Strada Principală II, nr. 83",0244449000,0244449000,,,spclep.fulga@ph.e-adm.ro,spclep.fulga@ph.e-adm.ro,,/stare-civila/ploiesti/,https://carteadeidentitate.gov.ro/ghisee/,2026-09-24
Prahova,Măgureni,SPCLEP Măgureni,local,"sat Măgureni, strada Cantacuzinilor, nr. 140",0344409996,0344409996,,,contact@comunamagureni.ro,contact@comunamagureni.ro,,/stare-civila/ploiesti/,https://carteadeidentitate.gov.ro/ghisee/,2026-09-24
Prahova,Măneciu,SPCLEP Măneciu,local,sat Măneciu Ungureni nr. 273,0786279175,0786279175,,,contact@primaria-maneciu.ro,contact@primaria-maneciu.ro,,/stare-civila/ploiesti/,https://carteadeidentitate.gov.ro/ghisee/,2026-09-24
Prahova,Mănești,SPCLEP Mănești,local,"sat Mănești, str. Principală nr. 179",0748152920,0748152920; 0748152822,,,manesti@ph.e-adm.ro,manesti@ph.e-adm.ro,,/stare-civila/ploiesti/,https://carteadeidentitate.gov.ro/ghisee/,2026-09-24
Prahova,Podenii Noi,SPCLEP Podenii Noi,local,sat Podenii Noi nr. 56,0244414139,0244414139,,,spclep_podenii_noi@ph.e-adm.ro,spclep_podenii_noi@ph.e-adm.ro,,/stare-civila/ploiesti/,https://carteadeidentitate.gov.ro/ghisee/,2026-09-24
Prahova,Poienarii Burchii,SPCLEP Poienarii Burchii,local,"sat Poienarii Burchii, str. Gral. Al. Angelescu nr. 126",0244486244,0244486244,int 107,,spclep_poienariiburchii@ph.e-adm.ro,spclep_poienariiburchii@ph.e-adm.ro,,/stare-civila/ploiesti/,https://carteadeidentitate.gov.ro/ghisee/,2026-09-24
Prahova,Păulești,SPCLEP Păulești,local,"sat Păulești, str. Calea Unirii nr. 299",0754053131,0754053131,,,spclep_paulesti@ph.e-adm.ro,spclep_paulesti@ph.e-adm.ro,,/stare-civila/ploiesti/,https://carteadeidentitate.gov.ro/ghisee/,2026-09-24
Prahova,Râfov,SPCLEP Râfov,local,"sat Moara Domnească, str. Principală nr. 55",0244478416,0244478416,int 24,,spclep_rafov@ph.e-adm.ro,spclep_rafov@ph.e-adm.ro,,/stare-civila/ploiesti/,https://carteadeidentitate.gov.ro/ghisee/,2026-09-24
Prahova,Scorțeni,SPCLEP Scorțeni,local,str. Unirii nr. 15,0244355299,0244355299,,,spclep_scorteni@ph.e-adm.ro,spclep_scorteni@ph.e-adm.ro,,/stare-civila/ploiesti/,https://carteadeidentitate.gov.ro/ghisee/,2026-09-24
Prahova,Sângeru,SPCLEP Sângeru,local,str. Alexandru Văcărescu nr. 77,0244441499,0244441499,,,spclep_sangeru@ph.e-adm.ro,spclep_sangeru@ph.e-adm.ro,,/stare-civila/ploiesti/,https://carteadeidentitate.gov.ro/ghisee/,2026-09-24
Prahova,Târgșoru Vechi,SPCLEP Târgșoru Vechi,local,"sat Strejnicu, str. Principală nr. 200",0244482291,0244482291,,,spclep_targsoruvechi@ph.e-adm.ro,spclep_targsoruvechi@ph.e-adm.ro,,/stare-civila/ploiesti/,https://carteadeidentitate.gov.ro/ghisee/,2026-09-24
Prahova,Valea Călugărească,SPCLEP Valea Călugărească,local,"sat Valea Călugărească, str. Mihai Viteazul nr. 188, bl. 30, parter",0244236262,0244236262,,,spclep_valeacalugareasca@ph.e-adm.ro,spclep_valeacalugareasca@ph.e-adm.ro,,/stare-civila/ploiesti/,https://carteadeidentitate.gov.ro/ghisee/,2026-09-24
Prahova,Valea Doftanei,SPCLEP Valea Doftanei,local,"sat Teșila, str. Calea Doftanei nr. 156",0244365367,0244365367,int.18,,spclepbuletine@primariavaleadoftanei.ro,spclepbuletine@primariavaleadoftanei.ro,,/stare-civila/ploiesti/,https://carteadeidentitate.gov.ro/ghisee/,2026-09-24
Prahova,Șoimari,SPCLEP Șoimari,local,sat Șoimari nr. 518BIS,0244333500,0244333500,,,spclep_soimari@ph.e-adm.ro,spclep_soimari@ph.e-adm.ro,,/stare-civila/ploiesti/,https://carteadeidentitate.gov.ro/ghisee/,2026-09-24
Satu-Mare,Satu Mare,DJEP Satu Mare,judetean,B-dul Cloșca nr. 6A,0261711591,0261711591,,,dgep_satumare@sm.e-adm.ro,dgep_satumare@sm.e-adm.ro,,/stare-civila//,https://carteadeidentitate.gov.ro/ghisee/,2026-09-24
Satu-Mare,Ardud,SPCLEP Ardud,local,str. Nouă nr. 1,0261767131,0261767131,,,spcep_ardud@sm.e-adm.ro,spcep_ardud@sm.e-adm.ro,,/stare-civila//,https://carteadeidentitate.gov.ro/ghisee/,2026-09-24
Satu-Mare,Carei,SPCLEP Carei,local,str. 1 Decembrie 1918 nr. 17,0261865652,0261865652,,,spclep@mun.carei.ro,spclep@mun.carei.ro,,/stare-civila//,https://carteadeidentitate.gov.ro/ghisee/,2026-09-24
Satu-Mare,Livada,SPCLEP Livada,local,str. Victoriei nr. 49/A,0261840009,0261840009,,,scpcep_livada@sm.e-adm.ro,scpcep_livada@sm.e-adm.ro,,/stare-civila//,https://carteadeidentitate.gov.ro/ghisee/,2026-09-24
Satu-Mare,Negrești-Oaș,SPCLEP Negrești-Oaș,local,str. Victoriei nr. 95-97,0261855343,0261855343,,,primarie@negresti-oas.ro,primarie@negresti-oas.ro,,/stare-civila//,https://carteadeidentitate.gov.ro/ghisee/,2026-09-24
Satu-Mare,Satu Mare,DEP Satu Mare,local,"str. Corneliu Coposu nr. 14 (Centrul comercial Someșul, et.IV)",0261702675,0261702675; 0261702676,,,evidenta@primariasm.ro,evidenta@primariasm.ro,,/stare-civila//,https://carteadeidentitate.gov.ro/ghisee/,2026-09-24
Satu-Mare,Tășnad,SPCLEP  Tășnad,local,str. Lăcrămioarelor nr. 35,0261848222,0261848222,,,evp@primariatasnad.ro,evp@primariatasnad.ro,,/stare-civila//,https://carteadeidentitate.gov.ro/ghisee/,2026-09-24
Satu-Mare,Bixad,SPCLEP Bixad,local,str. Principală nr. 252,0261843752,0261843752,,,spclep@primariabixad.ro,spclep@primariabixad.ro,,/stare-civila//,https://carteadeidentitate.gov.ro/ghisee/,2026-09-24
Satu-Mare,Bărsău de Sus,SPCLEP Bârsău,local,str. Principală nr. 116,0261876021,0261876021,,,barsau@sm.e-adm.ro,barsau@sm.e-adm.ro,,/stare-civila//,https://carteadeidentitate.gov.ro/ghisee/,2026-09-24
Satu-Mare,Călinești-Oaș,SPCLEP Călinești-Oaș,local,Str. Principală nr. 1,0261839001,0261839001,,,spclep@primariacalinestioas.ro,spclep@primariacalinestioas.ro,,/stare-civila//,https://carteadeidentitate.gov.ro/ghisee/,2026-09-24
Satu-Mare,Gherța Mică,SPCLEP Gherța Mică,local,str. Principală nr. 234,0261838382,0261838382,,,evidenta@primariaghertamica.ro,evidenta@primariaghertamica.ro,,/stare-civila//,https://carteadeidentitate.gov.ro/ghisee/,2026-09-24
Satu-Mare,Halmeu,SPCLEP Halmeu,local,str. Eliberării nr. 57,0261773520,0261773520,,,evidenta@halmeu.ro,evidenta@halmeu.ro,,/stare-civila//,https://carteadeidentitate.gov.ro/ghisee/,2026-09-24
Satu-Mare,Medieșu Aurit,SPCLEP Medieșu Aurit,local,str. Din Jos nr. 197,0758098361,0758098361,,,spclep@mediesuaurit.ro,spclep@mediesuaurit.ro,,/stare-civila//,https://carteadeidentitate.gov.ro/ghisee/,2026-09-24
Satu-Mare,Pișcolt,SPCLEP Pișcolt,local,str. Principală nr. 62,0759041121,0759041121,,,spclep_piscolt@sm.e-adm.ro,spclep_piscolt@sm.e-adm.ro,,/stare-civila//,https://carteadeidentitate.gov.ro/ghisee/,2026-09-24
Satu-Mare,Păulești,SPCLEP Păulești,local,str. Principală nr. 83,0261757300,0261757300,,,spclep@paulestism.ro,spclep@paulestism.ro,,/stare-civila//,https://carteadeidentitate.gov.ro/ghisee/,2026-09-24
Satu-Mare,Turulung,SPCLEP Turulung,local,nr. 247,0261836001,0261836001,,,spclep@primariaturulung.ro,spclep@primariaturulung.ro,,/stare-civila//,https://carteadeidentitate.gov.ro/ghisee/,2026-09-24
Satu-Mare,Turț,SPCLEP Turț,local,Piața Eroilor nr. 18,0261835150,0261835150,,,spclep@primariaturt.ro,spclep@primariaturt.ro,,/stare-civila//,https://carteadeidentitate.gov.ro/ghisee/,2026-09-24
Sibiu,Sibiu,DJEP Sibiu,judetean,str. Câmpului nr. 14,0269220790,0269220790,,,evidenta_persoanelor@djepsibiu.ro,evidenta_persoanelor@djepsibiu.ro,,/stare-civila/sibiu/,https://carteadeidentitate.gov.ro/ghisee/,2026-09-24
Sibiu,Agnita,SPCLEP Agnita,local,"Piața Republicii nr. 19, parter, camera 9",0269510320,0269510320,,,spclep.agnita@sibiu.stslink.ro,spclep.agnita@sibiu.stslink.ro,,/stare-civila/sibiu/,https://carteadeidentitate.gov.ro/ghisee/,2026-09-24
Sibiu,Avrig,SPCLEP Avrig,local,str. Gheorghe Lazăr nr. 10,0269523670,0269523670,,,spclep.avrig@sibiu.stslink.ro,spclep.avrig@sibiu.stslink.ro,,/stare-civila/sibiu/,https://carteadeidentitate.gov.ro/ghisee/,2026-09-24
Sibiu,Cisnădie,SPCLEP Cisnădie,local,Piața Revoluției nr. 1,0269562988,0269562988,,,spclep.cisnadie@sibiu.stslink.ro,spclep.cisnadie@sibiu.stslink.ro,,/stare-civila/sibiu/,https://carteadeidentitate.gov.ro/ghisee/,2026-09-24
Sibiu,Copșa Mică,SPCLEP Copșa Mică,local,Aleea Castanilor nr. 8,0742214410,0742214410,,,spclep@copsa-mica.ro,spclep@copsa-mica.ro,,/stare-civila/sibiu/,https://carteadeidentitate.gov.ro/ghisee/,2026-09-24
Sibiu,Dumbrăveni,SPCLEP Dumbrăveni,local,str. T. Vladimirescu nr. 30,0748125598,0748125598,,,office@primariadumbraveni.ro,office@primariadumbraveni.ro,,/stare-civila/sibiu/,https://carteadeidentitate.gov.ro/ghisee/,2026-09-24
Sibiu,Mediaș,SPCLEP Mediaș,local,Piața Regele Ferdinand I nr. 1,0269845932,0269845932,,,spclep.medias@yahoo.com,spclep.medias@yahoo.com,,/stare-civila/sibiu/,https://carteadeidentitate.gov.ro/ghisee/,2026-09-24
Sibiu,Miercurea Sibiului,SPCLEP Miercurea Sibiului,local,str. Ilie Măcelariu nr. 48,0269533473,0269533473,,,registratura@miercureasibiului.ro,registratura@miercureasibiului.ro,,/stare-civila/sibiu/,https://carteadeidentitate.gov.ro/ghisee/,2026-09-24
Sibiu,Ocna Sibiului,SPCLEP Ocna Sibiului,local,Piața Traian nr. 6,0269577009,0269577009,,,primariaocna@yahoo.com,primariaocna@yahoo.com,"adresa din registru nu apare pe site-ul instituției; acolo instituția publică contact@primariaocnasibiului.ro și telefonul 0269 541 301 (pagina oficială), verificat la 4 septembrie 2026",/stare-civila/sibiu/,https://carteadeidentitate.gov.ro/ghisee/,2026-09-04
Sibiu,Sibiu,SPCLEP Sibiu,local,bd. Victoriei nr. 1-3,0269208845,0269208845,,,evidentapersoanelor@sibiu.ro,evidentapersoanelor@sibiu.ro,,/stare-civila/sibiu/,https://carteadeidentitate.gov.ro/ghisee/,2026-09-24
Sibiu,Săliște,SPCLEP Săliște,local,str. Steaza nr. 9,0269553512,0269553512,int 114,,spclep@primariasaliste.ro,spclep@primariasaliste.ro,,/stare-civila/sibiu/,https://carteadeidentitate.gov.ro/ghisee/,2026-09-24
Sibiu,Tălmaciu,SPCLEP Tălmaciu,local,Piața Textilelor nr. 17,0269555401,0269555401,int 114,,evidenta.persoanelor@talmaciu.ro,evidenta.persoanelor@talmaciu.ro,,/stare-civila/sibiu/,https://carteadeidentitate.gov.ro/ghisee/,2026-09-24
Sibiu,Axente Sever,SPCLEP Axente Sever,local,nr. 308,0269840001,0269840001,int 21,,primaria_axsever@yahoo.com,primaria_axsever@yahoo.com,"adresa din registru pare scrisă greșit: instituția publică primaria-axsever@yahoo.com (separatorul e cratimă, nu liniuță de subsol), deci corespondența trimisă la adresa din registru nu ajunge la ea (pagina oficială), verificat la 4 septembrie 2026",/stare-civila/sibiu/,https://carteadeidentitate.gov.ro/ghisee/,2026-09-04
Sibiu,Bazna,SPCLEP Bazna,local,str. Principală nr. 500,0269850011,0269850011,,,evidentapersoanelor@comunabazna.ro,evidentapersoanelor@comunabazna.ro,,/stare-civila/sibiu/,https://carteadeidentitate.gov.ro/ghisee/,2026-09-24
Sibiu,Dârlos,SPCLEP Dârlos,local,sat Dârlos nr. 590,0269852060,0269852060,,,evidentapersoanei@primariadarlos.ro,evidentapersoanei@primariadarlos.ro,,/stare-civila/sibiu/,https://carteadeidentitate.gov.ro/ghisee/,2026-09-24
Sibiu,Laslea,SPCLEP Laslea,local,nr. 33,0269516200,0269516200,,,primaria.laslea@sibiu.stslink.ro,primaria.laslea@sibiu.stslink.ro,,/stare-civila/sibiu/,https://carteadeidentitate.gov.ro/ghisee/,2026-09-24
Sibiu,Orlat,SPCLEP Orlat,local,str. Avram Iancu nr. 202,0269571104,0269571104,,,primariaorlat@yahoo.com,primariaorlat@yahoo.com,,/stare-civila/sibiu/,https://carteadeidentitate.gov.ro/ghisee/,2026-09-24
Sibiu,Slimnic,SPCLEP Slimnic,local,str. Principală nr. 6,0269856101,0269856101,,,spclep@primariaslimnic.ro,spclep@primariaslimnic.ro,,/stare-civila/sibiu/,https://carteadeidentitate.gov.ro/ghisee/,2026-09-24
Sibiu,Turnu Roșu,SPCLEP Turnu Roșu,local,Turnu Roșu,0369414437,0369414437,,,spclep.turnurosu@sibiu.stslink.ro,spclep.turnurosu@sibiu.stslink.ro,,/stare-civila/sibiu/,https://carteadeidentitate.gov.ro/ghisee/,2026-09-24
Sibiu,Șelimbăr,SPCLEP Șelimbăr,local,str. Mihai Viteazu nr. 197,0269560625,0269560625,,,,,"registrul publică pentru acest ghișeu o adresă de e-mail nominală, a unei persoane, nu a serviciului; nu o reproducem aici — folosiți telefonul de mai sus sau adresa oficială a primăriei",/stare-civila/sibiu/,https://carteadeidentitate.gov.ro/ghisee/,2026-09-24
Sibiu,Șura Mare,SPCLEP Șura Mare,local,str. Principală nr. 156,0731311427,0731311427,,,secretar@primariasuramare.ro,secretar@primariasuramare.ro,,/stare-civila/sibiu/,https://carteadeidentitate.gov.ro/ghisee/,2026-09-24
Sibiu,Șura Mică,SPCLEP Șura Mică,local,"sat Șura Mică, str. Șoseaua Sibiului nr. 174",0762862191,0762862191,,,evidentapersoanelor@comunasuramica.ro,evidentapersoanelor@comunasuramica.ro,,/stare-civila/sibiu/,https://carteadeidentitate.gov.ro/ghisee/,2026-09-24
Suceava,Cajvana,SPCLEP Cajvana,local,nr. 538,0740767257,0740767257,,,primaria_cajvana@yahoo.com,primaria_cajvana@yahoo.com,"adresa din registru nu apare pe site-ul instituției; acolo instituția publică contact@cajvana.ro și telefonul 0230 539 222 (pagina oficială), verificat la 4 septembrie 2026",/stare-civila/suceava/,https://carteadeidentitate.gov.ro/ghisee/,2026-09-04
Suceava,Câmpulung Moldovenesc,SPCLEP Câmpulung Moldovenesc,local,str. 22 Decembrie nr. 2,0230314425,0230314425,,,spclep_campulung.moldovenesc@sv.e-adm.ro,spclep_campulung.moldovenesc@sv.e-adm.ro,,/stare-civila/suceava/,https://carteadeidentitate.gov.ro/ghisee/,2026-09-24
Suceava,Dolhasca,SPCLEP Dolhasca,local,str. Dr. C. Arseni nr. 5B,0763212729,0763212729,,,spclepdolhasca@yahoo.com,spclepdolhasca@yahoo.com,,/stare-civila/suceava/,https://carteadeidentitate.gov.ro/ghisee/,2026-09-24
Suceava,Dumbrăveni,SPCLEP Dumbrăveni,local,"sat Dumbrăveni, Calea Națională nr. 180",0330409088,0330409088,,,spclep.dumbraveni@gmail.com,spclep.dumbraveni@gmail.com,"adresa din registru nu apare pe site-ul instituției; acolo instituția publică primariadumbravenisv@yahoo.com și telefonul 0230 245 048 (pagina oficială), verificat la 4 septembrie 2026",/stare-civila/suceava/,https://carteadeidentitate.gov.ro/ghisee/,2026-09-04
Suceava,Fălticeni,SPCLEP Fălticeni,local,"str. Republicii, Nr. 1",0230544080,0230544080,,,,,"registrul publică pentru acest ghișeu o adresă de e-mail nominală, a unei persoane, nu a serviciului; nu o reproducem aici — folosiți telefonul de mai sus sau adresa oficială a primăriei",/stare-civila/suceava/,https://carteadeidentitate.gov.ro/ghisee/,2026-09-24
Suceava,Gura Humorului,SPCLEP Gura Humorului,local,str. Avram Iancu nr. 1,0230231206,0230231206,,,spclepgh@gmail.com,spclepgh@gmail.com,"adresa din registru nu apare pe site-ul instituției; acolo instituția publică evidenta@primariagurahumorului.ro și telefonul 0230 231 206 (pagina oficială), verificat la 4 septembrie 2026",/stare-civila/suceava/,https://carteadeidentitate.gov.ro/ghisee/,2026-09-04
Suceava,Liteni,SPCLEP Liteni,local,str. Mihail Sadoveanu nr. 17,0230538262,0230538262,,,,,"registrul publică pentru acest ghișeu o adresă de e-mail nominală, a unei persoane, nu a serviciului; nu o reproducem aici — folosiți telefonul de mai sus sau adresa oficială a primăriei | adresa din registru nu apare în lista publicată de Direcția Județeană de Evidență a Persoanelor Suceava; acolo serviciul nu publică nicio adresă de e-mail, ci doar telefonul 0230 535 794 (lista oficială), verificat la 4 septembrie 2026",/stare-civila/suceava/,https://carteadeidentitate.gov.ro/ghisee/,2026-09-04
Suceava,Rădăuți,SPCLEP Rădăuți,local,"str. Piața Unirii, Nr. 2-4",0230567301,0230567301,,,spclep@primariaradauti.ro,spclep@primariaradauti.ro,,/stare-civila/suceava/,https://carteadeidentitate.gov.ro/ghisee/,2026-09-24
Suceava,Siret,SPCLEP Siret,local,str. Castanilor nr. 5,0230280873,0230280873,,,spclep@siretromania.ro,spclep@siretromania.ro,,/stare-civila/suceava/,https://carteadeidentitate.gov.ro/ghisee/,2026-09-24
Suceava,Solca,SPCLEP Solca,local,str. Tomșa Vodă nr. 28,0230477306,0230477306,,,starecivila_solca@sv.e-adm.ro,starecivila_solca@sv.e-adm.ro,,/stare-civila/suceava/,https://carteadeidentitate.gov.ro/ghisee/,2026-09-24
Suceava,Suceava,SPCLEP Suceava (Iulius Mall),local,Calea Unirii nr. 22,0230521592,0230521592,,,evidentapersoanei_suceava@sv.e-adm.ro,evidentapersoanei_suceava@sv.e-adm.ro,,/stare-civila/suceava/,https://carteadeidentitate.gov.ro/ghisee/,2026-09-24
Suceava,Vatra Dornei,SPCLEP Vatra Dornei,local,str. Unirii nr. 24,0230375466,0230375466,,,spclepvatradornei@vatra-dornei.ro,spclepvatradornei@vatra-dornei.ro,,/stare-civila/suceava/,https://carteadeidentitate.gov.ro/ghisee/,2026-09-24
Suceava,Ostra,SPCLEP Ostra,local,"sat Ostra, str. Ștefan cel Mare nr. 2",0230621279,0230621279,,,primaria_ostra@yahoo.com,primaria_ostra@yahoo.com,,/stare-civila/suceava/,https://carteadeidentitate.gov.ro/ghisee/,2026-09-24
Sălaj,Zalău,DJEP Sălaj,judetean,"str. Unirii, nr. 7",0260613071,0260613071,,,contact@evpsj.ro,contact@evpsj.ro,,/stare-civila/zalau/,https://carteadeidentitate.gov.ro/ghisee/,2026-09-24
Sălaj,Cehu Silvaniei,SPCLEP Cehu Silvaniei,local,Piața Trandafirilor nr. 35,0260650638,0260650638,,,evidentapersoanelor@primaria-cehusilvaniei.ro,evidentapersoanelor@primaria-cehusilvaniei.ro,,/stare-civila/zalau/,https://carteadeidentitate.gov.ro/ghisee/,2026-09-24
Sălaj,Jibou,SPCLEP Jibou,local,"str. Garoafelor nr. 11, bl. A14, ap. 1",0260641122,0260641122,,,evidentapopulatiei@primariajibou.ro,evidentapopulatiei@primariajibou.ro,,/stare-civila/zalau/,https://carteadeidentitate.gov.ro/ghisee/,2026-09-24
Sălaj,Zalău,SPCLEP Zalău,local,"Piața Iuliu Maniu nr. 4-6, corp C",0360566004,0360566004,,,evidentapopulatiei@zalausj.ro,evidentapopulatiei@zalausj.ro; secretariatevp@zalausj.ro,,/stare-civila/zalau/,https://carteadeidentitate.gov.ro/ghisee/,2026-09-24
Sălaj,Șimleu Silvaniei,SPCLEP Șimleu Silvaniei,local,str. Libertății nr. 3,0260700553,0260700553,,,simleu_silvaniei@sj.e-adm.ro,simleu_silvaniei@sj.e-adm.ro,,/stare-civila/zalau/,https://carteadeidentitate.gov.ro/ghisee/,2026-09-24
Sălaj,Crasna,SPCLEP Crasna,local,sat Crasna nr. 13,0260636066,0260636066,,,primaria@crasna.ro,primaria@crasna.ro,,/stare-civila/zalau/,https://carteadeidentitate.gov.ro/ghisee/,2026-09-24
Sălaj,Hida,SPCLEP Hida,local,str. Sfatului nr. 1,0260628311,0260628311,,,,,,/stare-civila/zalau/,https://carteadeidentitate.gov.ro/ghisee/,2026-09-24
Sălaj,Ileanda,SPCLEP Ileanda,local,"str. 1 Decembrie 1918, nr. 43",0260649111,0260649111,,,spclep@ileandasj.ro,spclep@ileandasj.ro,,/stare-civila/zalau/,https://carteadeidentitate.gov.ro/ghisee/,2026-09-24
Sălaj,Șărmășag,SPCLEP Șărmășag,local,str. Teilor nr. 37,0260655030,0260655030,,,,,,/stare-civila/zalau/,https://carteadeidentitate.gov.ro/ghisee/,2026-09-24
Teleorman,Alexandria,DJEP Teleorman,judetean,str. Avocat Alexandru Colfescu nr. 63,0347809726,0347809726,,,office@djeptr.ro,office@djeptr.ro,,/stare-civila/alexandria/,https://carteadeidentitate.gov.ro/ghisee/,2026-09-24
Teleorman,Alexandria,SPCLEP Alexandria,local,"str. Ion Creangă nr. 57, bl. G Modern, parter",0247317111,0247317111,,,evidentapersoanelor@alexandria.ro,evidentapersoanelor@alexandria.ro,,/stare-civila/alexandria/,https://carteadeidentitate.gov.ro/ghisee/,2026-09-24
Teleorman,Roșiori De Vede,SPCLEP Roșiori de Vede,local,str. Dunării nr. 58,0247466940,0247466940,,,spcleprosiori@djeptr.ro,spcleprosiori@djeptr.ro,,/stare-civila/alexandria/,https://carteadeidentitate.gov.ro/ghisee/,2026-09-24
Teleorman,Turnu Măgurele,SPCLEP Turnu Măgurele,local,str. 1 Decembrie nr. 4,0247416340,0247416340,,,spclepturnu@djeptr.ro,spclepturnu@djeptr.ro,,/stare-civila/alexandria/,https://carteadeidentitate.gov.ro/ghisee/,2026-09-24
Teleorman,Videle,SPCLEP Videle,local,str. Republicii nr. 2,0247453009,0247453009,,,spclepvidele@djeptr.ro,spclepvidele@djeptr.ro,,/stare-civila/alexandria/,https://carteadeidentitate.gov.ro/ghisee/,2026-09-24
Teleorman,Zimnicea,SPCLEP Zimnicea,local,str. Giurgiu nr. 1,0247368656,0247368656,,,zimnicea@djeptr.ro,zimnicea@djeptr.ro,,/stare-civila/alexandria/,https://carteadeidentitate.gov.ro/ghisee/,2026-09-24
Teleorman,Dobrotești,SPCLEP Dobrotești,local,"sat Dobrotești, str. Primăriei nr. 35A",0247336816,0247336816,,,spclepdobrotesti@djeptr.ro,spclepdobrotesti@djeptr.ro,,/stare-civila/alexandria/,https://carteadeidentitate.gov.ro/ghisee/,2026-09-24
Teleorman,Drăgănești-Vlașca,SPCLEP Drăgănești-Vlașca,local,str. Nicolae Titulescu nr. 2,0247441438,0247441438,,,draganesti-vlasca@djeptr.ro,draganesti-vlasca@djeptr.ro,,/stare-civila/alexandria/,https://carteadeidentitate.gov.ro/ghisee/,2026-09-24
Teleorman,Gratia,SPCLEP Gratia,local,"sat Ciurari-Deal, șos. Libertății nr. 1",0247458357,0247458357,,,spclepgratia@djeptr.ro,spclepgratia@djeptr.ro,,/stare-civila/alexandria/,https://carteadeidentitate.gov.ro/ghisee/,2026-09-24
Teleorman,Trivalea-Moșteni,SPCLEP Trivalea-Moșteni,local,"sat Trivalea-Moșteni, str. Alexandriei nr. 105",0742073064,0742073064,,,spcleptrivalea@djeptr.ro,spcleptrivalea@djeptr.ro,,/stare-civila/alexandria/,https://carteadeidentitate.gov.ro/ghisee/,2026-09-24
Timiș,Timișoara,DJEP Timiș,judetean,str. Franz Liszt nr. 3,0356455455,0356455455,,,dept@cjtimis.ro,dept@cjtimis.ro,,/stare-civila/timisoara/,https://carteadeidentitate.gov.ro/ghisee/,2026-09-24
Timiș,Buziaș,SPCLEP Buziaș,local,str. 6 Martie nr. 2,0256322409,0256322409,,,buzias@tm.e-adm.ro,buzias@tm.e-adm.ro,,/stare-civila/timisoara/,https://carteadeidentitate.gov.ro/ghisee/,2026-09-24
Timiș,Ciacova,SPCLEP Ciacova,local,Piața Cetății nr. 54,0256399655,0256399655,,,spclepciacova@gmail.com,spclepciacova@gmail.com,"adresa din registru nu apare în lista publicată de Direcția de Evidență a Persoanelor Timiș; acolo serviciul publică cepciacova@tm.e-adm.ro și telefonul 0256 399 655 (lista oficială), verificat la 4 septembrie 2026",/stare-civila/timisoara/,https://carteadeidentitate.gov.ro/ghisee/,2026-09-04
Timiș,Deta,SPCLEP Deta,local,str. Calea Ghiladului nr. 1-3,0256390299,0256390299,,,spclepdeta@tm.e-adm.ro,spclepdeta@tm.e-adm.ro,,/stare-civila/timisoara/,https://carteadeidentitate.gov.ro/ghisee/,2026-09-24
Timiș,Dudeștii Noi,SPCLEP Dudeștii Noi,local,Calea Becicherecului nr. 29,0256378020,0256378020,,,,,"registrul publică pentru acest ghișeu o adresă de e-mail nominală, a unei persoane, nu a serviciului; nu o reproducem aici — folosiți telefonul de mai sus sau adresa oficială a primăriei",/stare-civila/timisoara/,https://carteadeidentitate.gov.ro/ghisee/,2026-09-24
Timiș,Făget,SPCLEP Făget,local,Calea Lugojului nr. 12,0256320330,0256320330,,,spclepfaget@gmail.com,spclepfaget@gmail.com,"adresa din registru nu apare în lista publicată de Direcția de Evidență a Persoanelor Timiș; acolo serviciul publică faget@tm.e-adm.ro și telefonul 0256 320 330 (lista oficială), verificat la 4 septembrie 2026",/stare-civila/timisoara/,https://carteadeidentitate.gov.ro/ghisee/,2026-09-04
Timiș,Gătaia,SPCLEP Gătaia,local,str. Carpați nr. 106,0256410960,0256410960,,,spclepgataia@tm.e-adm.ro,spclepgataia@tm.e-adm.ro,,/stare-civila/timisoara/,https://carteadeidentitate.gov.ro/ghisee/,2026-09-24
Timiș,Jimbolia,SPCLEP Jimbolia,local,str. Republicii nr. 15,0256360575,0256360575,,,jimbolia@tm.e-adm.ro,jimbolia@tm.e-adm.ro,,/stare-civila/timisoara/,https://carteadeidentitate.gov.ro/ghisee/,2026-09-24
Timiș,Lugoj,SPCLEP Lugoj,local,Piața I.C. Drăgan nr. 5,0256336025,0256336025,,,dep@primarialugoj.ro,dep@primarialugoj.ro,,/stare-civila/timisoara/,https://carteadeidentitate.gov.ro/ghisee/,2026-09-24
Timiș,Otelec,SPCLEP Otelec,local,str. Mare nr. 221,0733051925,0733051925,,,spclep_otelec@yahoo.com,spclep_otelec@yahoo.com,"adresa din registru nu apare în lista publicată de Direcția de Evidență a Persoanelor Timiș; acolo serviciul publică spclepotelec@tm.e-adm.ro și telefonul 0256 232 827 (lista oficială), verificat la 4 septembrie 2026",/stare-civila/timisoara/,https://carteadeidentitate.gov.ro/ghisee/,2026-09-04
Timiș,Recaș,SPCLEP Recaș,local,str. Petalelor nr. 2,0771655813,0771655813,,,spcleprecas@yahoo.com,spcleprecas@yahoo.com,"adresa din registru nu apare în lista publicată de Direcția de Evidență a Persoanelor Timiș; acolo serviciul publică spcleprecas@tm.e-adm.ro și telefonul 0356 409 620 (lista oficială), verificat la 4 septembrie 2026",/stare-civila/timisoara/,https://carteadeidentitate.gov.ro/ghisee/,2026-09-04
Timiș,Sânnicolau Mare,SPCLEP Sânnicolau Mare,local,str. Republicii nr. 15,0256370009,0256370009,,,sannicolaumare@tm.e-adm.ro,sannicolaumare@tm.e-adm.ro,,/stare-civila/timisoara/,https://carteadeidentitate.gov.ro/ghisee/,2026-09-24
Timiș,Timișoara,DEP Timișoara,local,bd. M. Eminescu nr. 15,0256225185,0256225185,,,evpers@primariatm.ro,evpers@primariatm.ro,,/stare-civila/timisoara/,https://carteadeidentitate.gov.ro/ghisee/,2026-09-24
Timiș,Dumbrăvița,SPCLEP Dumbrăvița,local,str. Petőfi Sándor nr. 50A,0256284520,0256284520,,,evidentapersoanelor@primaria-dumbravita.ro,evidentapersoanelor@primaria-dumbravita.ro,,/stare-civila/timisoara/,https://carteadeidentitate.gov.ro/ghisee/,2026-09-24
Timiș,Ghiroda,SPCLEP Ghiroda,local,"sat Ghiroda, str. Victoria, nr.46",0356880834,0356880834,,,evpers@primariaghiroda.ro,evpers@primariaghiroda.ro,,/stare-civila/timisoara/,https://carteadeidentitate.gov.ro/ghisee/,2026-09-24
Timiș,Giroc,SPCLEP Giroc,local,str. Semenic nr. 54,0256486027,0256486027,,,giroc@tm.e-adm.ro,giroc@tm.e-adm.ro,,/stare-civila/timisoara/,https://carteadeidentitate.gov.ro/ghisee/,2026-09-24
Timiș,Moșnița Nouă,SPCLEP Moșnița Nouă,local,nr. 73,0372797705,0372797705,,,evidenta.persoane@mosnita.ro,evidenta.persoane@mosnita.ro,,/stare-civila/timisoara/,https://carteadeidentitate.gov.ro/ghisee/,2026-09-24
Timiș,Peciu Nou,SPCLEP Peciu Nou,local,"sat Diniaș, nr. 192",0356421399,0356421399,,,spcleppeciunou@tm.e-adm.ro,spcleppeciunou@tm.e-adm.ro,,/stare-civila/timisoara/,https://carteadeidentitate.gov.ro/ghisee/,2026-09-24
Timiș,Periam,SPCLEP Periam,local,str. Mureșului nr. 1 bis,0256375001,0256375001,,,spclep@primariaperiam.ro,spclep@primariaperiam.ro,,/stare-civila/timisoara/,https://carteadeidentitate.gov.ro/ghisee/,2026-09-24
Timiș,Pesac,SPCLEP Pesac,local,nr. 360,0256382888,0256382888,,,pesac@tm.e-adm.ro,pesac@tm.e-adm.ro,,/stare-civila/timisoara/,https://carteadeidentitate.gov.ro/ghisee/,2026-09-24
Timiș,Satchinez,SPCLEP Satchinez,local,str. Daliei nr. 82,0256379744,0256379744,,,spclep@satchinez.ro,spclep@satchinez.ro,,/stare-civila/timisoara/,https://carteadeidentitate.gov.ro/ghisee/,2026-09-24
Timiș,Sânandrei,SPCLEP Sânandrei,local,"sat Sânandrei, str. Sfântul Andrei, nr. 26",0371157173,0371157173,,,spclep@primariasanandrei.ro,spclep@primariasanandrei.ro,,/stare-civila/timisoara/,https://carteadeidentitate.gov.ro/ghisee/,2026-09-24
Timiș,Săcălaz,SPCLEP Săcălaz,local,nr. 294,0256240201,0256240201,,,,,"registrul publică pentru acest ghișeu o adresă de e-mail nominală, a unei persoane, nu a serviciului; nu o reproducem aici — folosiți telefonul de mai sus sau adresa oficială a primăriei | adresa din registru este una personală, pe domeniu gratuit, nu una a instituției — o astfel de cutie dispare odată cu persoana și corespondența trimisă acolo nu intră în registratură | adresa din registru nu apare în lista publicată de Direcția de Evidență a Persoanelor Timiș; acolo serviciul publică spclepsacalaz@tm.e-adm.ro și telefonul 0256 240 201 (lista oficială), verificat la 4 septembrie 2026",/stare-civila/timisoara/,https://carteadeidentitate.gov.ro/ghisee/,2026-09-04
Timiș,Tomnatic,SPCLEP Tomnatic,local,"sat Tomnatic, nr. 706",0356402049,0356402049,,,tomnatic@tm.e-adm.ro,tomnatic@tm.e-adm.ro,,/stare-civila/timisoara/,https://carteadeidentitate.gov.ro/ghisee/,2026-09-24
Timiș,Uivar,SPCLEP Uivar,local,str. Florilor nr. 285,0256701338,0256701338,,,uivar@tm.e-adm.ro,uivar@tm.e-adm.ro,,/stare-civila/timisoara/,https://carteadeidentitate.gov.ro/ghisee/,2026-09-24
Timiș,Variaș,SPCLEP Variaș,local,nr. 619,0256387029,0256387029,,,spclepvarias@tm.e-adm.ro,spclepvarias@tm.e-adm.ro,,/stare-civila/timisoara/,https://carteadeidentitate.gov.ro/ghisee/,2026-09-24
Timiș,Șandra,SPCLEP Șandra,local,str. Principală nr. 5,0256379039,0256379039,,,spclepsandra@tm.e-adm.ro,spclepsandra@tm.e-adm.ro,,/stare-civila/timisoara/,https://carteadeidentitate.gov.ro/ghisee/,2026-09-24
Tulcea,Tulcea,DJEP Tulcea,judetean,str. Gloriei nr 4a,0240536343,0240536343,,,spcjep_tulcea@tl.e-adm.ro,spcjep_tulcea@tl.e-adm.ro,,/stare-civila/tulcea/,https://carteadeidentitate.gov.ro/ghisee/,2026-09-24
Tulcea,Babadag,SPCLEP Babadag,local,str. Cabanei nr. 5,0769018280,0769018280; 0240562126,,,evidentaprimariababadag@gmail.com,evidentaprimariababadag@gmail.com,,/stare-civila/tulcea/,https://carteadeidentitate.gov.ro/ghisee/,2026-09-24
Tulcea,Isaccea,SPCLEP Isaccea,local,str. 1 Decembrie nr. 25,0240506612,0240506612,,,spclepisaccea@tl.e-adm.ro,spclepisaccea@tl.e-adm.ro,,/stare-civila/tulcea/,https://carteadeidentitate.gov.ro/ghisee/,2026-09-24
Tulcea,Măcin,SPCLEP Măcin,local,str. Florilor nr. 1,0240571101,0240571101,,,spclep@macin.ro,spclep@macin.ro,,/stare-civila/tulcea/,https://carteadeidentitate.gov.ro/ghisee/,2026-09-24
Tulcea,Sulina,SPCLEP Sulina,local,str. Mircea Vodă nr. 2,0240543299,0240543299; 0751280576,,,spclep_sulina@tl.e-adm.ro,spclep_sulina@tl.e-adm.ro,,/stare-civila/tulcea/,https://carteadeidentitate.gov.ro/ghisee/,2026-09-24
Tulcea,Tulcea,SPCLEP Tulcea,local,str. Spitalului nr. 2,0240512122,0240512122,,,evidentapersoane@primariatulcea.ro,evidentapersoane@primariatulcea.ro,,/stare-civila/tulcea/,https://carteadeidentitate.gov.ro/ghisee/,2026-09-24
Tulcea,Baia,SPCLEP Baia,local,str. Republicii nr. 32 bis,0240564030,0240564030,,,evidentabaia@yahoo.com,evidentabaia@yahoo.com; spclep_baia@tl.e-adm.ro,,/stare-civila/tulcea/,https://carteadeidentitate.gov.ro/ghisee/,2026-09-24
Tulcea,Luncavița,SPCLEP Luncavita,local,str. Valea Fagilor nr. 101,0240541201,0240541201; 0757470740; 0755612396,,,primarialuncavita@yahoo.com,primarialuncavita@yahoo.com,,/stare-civila/tulcea/,https://carteadeidentitate.gov.ro/ghisee/,2026-09-24
Vaslui,Bârlad,SPCLEP Bârlad,local,str. George Enescu nr. 4,0335414444,0335414444,,,spclepbarlad@vs.e-adm.ro,spclepbarlad@vs.e-adm.ro,,/stare-civila/vaslui/,https://carteadeidentitate.gov.ro/ghisee/,2026-09-24
Vaslui,Huşi,SPCLEP Huși,local,str. 1 Decembrie nr. 14A,0235473337,0235473337,,,spclep@primariahusi.ro,spclep@primariahusi.ro,,/stare-civila/vaslui/,https://carteadeidentitate.gov.ro/ghisee/,2026-09-24
Vaslui,Murgeni,SPCLEP Murgeni,local,str. Prof. Ghenuță Coman nr. 12,0235426232,0235426232,,,murgeni.sc@vs.e-adm.ro,murgeni.sc@vs.e-adm.ro,,/stare-civila/vaslui/,https://carteadeidentitate.gov.ro/ghisee/,2026-09-24
Vaslui,Negreşti,SPCLEP Negrești,local,str. Mihail Sadoveanu nr. 4,0235457399,0235457399,,,spclep.ep@negresti.ro,spclep.ep@negresti.ro,,/stare-civila/vaslui/,https://carteadeidentitate.gov.ro/ghisee/,2026-09-24
Vaslui,Vaslui,SPCLEP Vaslui,local,str. Decebal nr. 16,0235324033,0235324033,,,evp.vaslui@vs.e-adm.ro,evp.vaslui@vs.e-adm.ro,,/stare-civila/vaslui/,https://carteadeidentitate.gov.ro/ghisee/,2026-09-24
Vrancea,Focșani,SPCJEP Vrancea,judetean,str. Bucegi nr. 21 A2,0237230041,0237230041,,,contact@evpvn.ro,contact@evpvn.ro,,/stare-civila/focsani/,https://carteadeidentitate.gov.ro/ghisee/,2026-09-24
Vrancea,Adjud,SPCLEP Adjud,local,str. Vasile Alecsandri nr. 7,0237641404,0237641404,,,spclep@primariaadjud.ro,spclep@primariaadjud.ro,,/stare-civila/focsani/,https://carteadeidentitate.gov.ro/ghisee/,2026-09-24
Vrancea,Focșani,SPCLEP Focșani,local,str. Dimitrie Cantemir nr. 1F,0786994733,0786994733,,,spclep_focsani@vn.e-adm.ro,spclep_focsani@vn.e-adm.ro,,/stare-civila/focsani/,https://carteadeidentitate.gov.ro/ghisee/,2026-09-24
Vrancea,Mărășești,SPCLEP Mărășești,local,str. Siret nr. 1,0237260450,0237260450,,,,,,/stare-civila/focsani/,https://carteadeidentitate.gov.ro/ghisee/,2026-09-24
Vrancea,Odobești,SPCLEP Odobești,local,str. Pictor N. Grigorescu nr. 6,0237676140,0237676140,,,,,,/stare-civila/focsani/,https://carteadeidentitate.gov.ro/ghisee/,2026-09-24
Vrancea,Panciu,SPCLEP Panciu,local,str. Titu Maiorescu nr. 15,0237276266,0237276266,,,spclep795@yahoo.com,spclep795@yahoo.com,"adresa din registru nu apare pe site-ul instituției; acolo instituția publică contact@primaria-panciu.ro și telefonul 0237 275 811 (pagina oficială), verificat la 4 septembrie 2026",/stare-civila/focsani/,https://carteadeidentitate.gov.ro/ghisee/,2026-09-04
Vrancea,Dumbrăveni,SPCLEP Dumbrăveni,local,str. Plainești nr. 38,0237255020,0237255020,,,,,,/stare-civila/focsani/,https://carteadeidentitate.gov.ro/ghisee/,2026-09-24
Vrancea,Tulnici,SPCLEP Tulnici,local,str. Principală nr. 228,0237265294,0237265294,,,spclep_tulnici@vn.e-adm.ro,spclep_tulnici@vn.e-adm.ro,,/stare-civila/focsani/,https://carteadeidentitate.gov.ro/ghisee/,2026-09-24
Vrancea,Vidra,SPCLEP Vidra,local,str. Unirii nr. 12,0237673337,0237673337,,,spclep@primariavidravn.ro,spclep@primariavidravn.ro,,/stare-civila/focsani/,https://carteadeidentitate.gov.ro/ghisee/,2026-09-24
Vâlcea,Râmnicu Vâlcea,DJEP Vâlcea,judetean,str. Regina Maria nr. 6,0350801804,0350801804,,,office@djepvalcea.ro,office@djepvalcea.ro,,/stare-civila/ramnicu-valcea/,https://carteadeidentitate.gov.ro/ghisee/,2026-09-24
Vâlcea,Berbești,Spclep Berbești,local,"str. Principală nr. 257, bl. A9, sc. C, ap. 1",0250869215,0250869215,,,primariaberbesti@yahoo.com,primariaberbesti@yahoo.com,"adresa din registru nu apare pe site-ul instituției; acolo instituția publică berbesti@vl.e-adm.ro și telefonul 0350 525 965 (pagina oficială), verificat la 4 septembrie 2026",/stare-civila/ramnicu-valcea/,https://carteadeidentitate.gov.ro/ghisee/,2026-09-04
Vâlcea,Brezoi,Spclep Brezoi,local,str. Lotrului nr. 2,0250778240,0250778240,,,,,„brezoi@vl.e_adm.ro” — adresa de e-mail din registru nu e validă,/stare-civila/ramnicu-valcea/,https://carteadeidentitate.gov.ro/ghisee/,2026-09-24
Vâlcea,Băbeni,Spclep Băbeni,local,str. Dragoș Vrânceanu nr. 171,0250765800,0250765800,,,,,„babeni@vl.e_adm.ro” — adresa de e-mail din registru nu e validă,/stare-civila/ramnicu-valcea/,https://carteadeidentitate.gov.ro/ghisee/,2026-09-24
Vâlcea,Băile Govora,Spclep Băile Govora,local,str. Sfatului nr. 14,0250770698,0250770698,,,primaria@primaria-baile-govora.ro,primaria@primaria-baile-govora.ro,,/stare-civila/ramnicu-valcea/,https://carteadeidentitate.gov.ro/ghisee/,2026-09-24
Vâlcea,Băile Olănești,Spclep Băile Olănești,local,str. Băilor nr. 24,0250775012,0250775012; 0756069626,,,primariabaileolanesti@yahoo.com,primariabaileolanesti@yahoo.com,,/stare-civila/ramnicu-valcea/,https://carteadeidentitate.gov.ro/ghisee/,2026-09-24
Vâlcea,Bălcești,Spclep Bălcești,local,Aleea Petrache Poenaru nr. 1,0250840362,0250840362,,,balcesti@vl.e-adm.ro,balcesti@vl.e-adm.ro,,/stare-civila/ramnicu-valcea/,https://carteadeidentitate.gov.ro/ghisee/,2026-09-24
Vâlcea,Călimănești,Spclep Călimănești,local,str. Calea lui Traian nr. 579,0250751002,0250751002,,,evidenta_populatiei_calimanesti@vl.e-adm.ro,evidenta_populatiei_calimanesti@vl.e-adm.ro,,/stare-civila/ramnicu-valcea/,https://carteadeidentitate.gov.ro/ghisee/,2026-09-24
Vâlcea,Drăgășani,Spclep Drăgășani,local,Piața Pandurilor nr. 1,0250813002,0250813002,,,,,„dragasani@vl.e_adm.ro” — adresa de e-mail din registru nu e validă,/stare-civila/ramnicu-valcea/,https://carteadeidentitate.gov.ro/ghisee/,2026-09-24
Vâlcea,Horezu,Spclep Horezu,local,str. 1 Decembrie nr. 11,0250861002,0250861002,,,primaria@orasul-horezu.ro,primaria@orasul-horezu.ro,,/stare-civila/ramnicu-valcea/,https://carteadeidentitate.gov.ro/ghisee/,2026-09-24
Vâlcea,Râmnicu Vâlcea,Spclep Rm. Vâlcea (River Plaza Mall),local,str. Calea lui Traian nr. 121,0250731069,0250731069; 0250733759,,,evidentapersoanei@primariavl.ro,evidentapersoanei@primariavl.ro,,/stare-civila/ramnicu-valcea/,https://carteadeidentitate.gov.ro/ghisee/,2026-09-24
Vâlcea,Budești,Spclep Budești,local,"sat Budești, str. Principală nr. 60",0746813432,0746813432; 0724526133,,,budesti@vl.e-adm.ro,budesti@vl.e-adm.ro,,/stare-civila/ramnicu-valcea/,https://carteadeidentitate.gov.ro/ghisee/,2026-09-24
Vâlcea,Bujoreni,Spclep Bujoreni,local,str. Calea lui Traian nr. 123,0250741983,0250741983,,,bujoreni@vl.e-adm.ro,bujoreni@vl.e-adm.ro,,/stare-civila/ramnicu-valcea/,https://carteadeidentitate.gov.ro/ghisee/,2026-09-24
Vâlcea,Fârtățești,Spclep Fârtățești,local,"sat Fârtățești, str. Principală nr. 177",0350408716,0350408716,,,primariafartatesti@yahoo.com,primariafartatesti@yahoo.com,,/stare-civila/ramnicu-valcea/,https://carteadeidentitate.gov.ro/ghisee/,2026-09-24
Vâlcea,Lădești,Spclep Lădești,local,str. Principală nr. 56,0240764524,0240764524,,,pladesti@yahoo.com,pladesti@yahoo.com,"0240 764 524 — prefix de Tulcea, nu de Vâlcea; așa apare în registrul oficial",/stare-civila/ramnicu-valcea/,https://carteadeidentitate.gov.ro/ghisee/,2026-09-24
Vâlcea,Mihăești,Spclep Mihăești,local,"sat Buleta, str. Primăriei nr. 4",0250772688,0250772688,,,,,„mihaesti@vl.e_adm.ro” — adresa de e-mail din registru nu e validă,/stare-civila/ramnicu-valcea/,https://carteadeidentitate.gov.ro/ghisee/,2026-09-24
Vâlcea,Popești,Spclep Popești,local,"sat Meieni, str. Principală nr. 39",0250764552,0250764552,,,primariapopestivl@yahoo.com,primariapopestivl@yahoo.com,,/stare-civila/ramnicu-valcea/,https://carteadeidentitate.gov.ro/ghisee/,2026-09-24
Vâlcea,Prundeni,Spclep Prundeni,local,str. Tudor Vladimirescu nr. 183,0250810399,0250810399,,,primprud@yahoo.com,primprud@yahoo.com,"adresa din registru nu apare pe site-ul instituției; acolo instituția publică prundeni@vl.e-adm.ro și telefonul 0250 810 399 (pagina oficială), verificat la 4 septembrie 2026",/stare-civila/ramnicu-valcea/,https://carteadeidentitate.gov.ro/ghisee/,2026-09-04
Vâlcea,Roești,Spclep Roești,local,"sat Roești, str. Principală nr. 171",0767001741,0767001741,,,,,„roesti@vl.e_adm.ro” — adresa de e-mail din registru nu e validă,/stare-civila/ramnicu-valcea/,https://carteadeidentitate.gov.ro/ghisee/,2026-09-24
Vâlcea,Vlădești,Spclep Vlădești,local,"sat Vlădești, str. Principală nr. 180",0250776049,0250776049,,,,,„vladesti@vl.e_adm.ro” — adresa de e-mail din registru nu e validă,/stare-civila/ramnicu-valcea/,https://carteadeidentitate.gov.ro/ghisee/,2026-09-24
